-- phpMyAdmin SQL Dump
-- version 4.8.3
-- https://www.phpmyadmin.net/
--
-- Host: 127.0.0.1
-- Generation Time: Dec 26, 2018 at 04:28 PM
-- Server version: 10.1.35-MariaDB
-- PHP Version: 7.2.9

SET SQL_MODE = "NO_AUTO_VALUE_ON_ZERO";
SET AUTOCOMMIT = 0;
START TRANSACTION;
SET time_zone = "+00:00";


/*!40101 SET @OLD_CHARACTER_SET_CLIENT=@@CHARACTER_SET_CLIENT */;
/*!40101 SET @OLD_CHARACTER_SET_RESULTS=@@CHARACTER_SET_RESULTS */;
/*!40101 SET @OLD_COLLATION_CONNECTION=@@COLLATION_CONNECTION */;
/*!40101 SET NAMES utf8mb4 */;

--
-- Database: `cartx`
--

-- --------------------------------------------------------

--
-- Table structure for table `log_st`
--

CREATE TABLE `log_st` (
  `id` int(11) NOT NULL,
  `code` varchar(32) COLLATE utf8_unicode_ci NOT NULL,
  `product_code` varchar(32) COLLATE utf8_unicode_ci DEFAULT NULL,
  `receipt_list_id` varchar(32) COLLATE utf8_unicode_ci DEFAULT NULL,
  `unit_price` float DEFAULT NULL,
  `quantity` int(11) DEFAULT NULL,
  `note` varchar(255) COLLATE utf8_unicode_ci DEFAULT NULL,
  `create_at` datetime DEFAULT NULL
) ENGINE=InnoDB DEFAULT CHARSET=utf8 COLLATE=utf8_unicode_ci;

--
-- Dumping data for table `log_st`
--

INSERT INTO `log_st` (`id`, `code`, `product_code`, `receipt_list_id`, `unit_price`, `quantity`, `note`, `create_at`) VALUES
(49, 'R20181001005406', 'P20181217225643', '132', 115, 30, NULL, '2018-09-30 00:54:06'),
(50, 'R20181001005406', 'P20181217225649', '133', 100, 3, NULL, '2018-09-30 00:54:06'),
(51, 'R20181001005406', 'P20181217225703', '134', 95, 16, NULL, '2018-09-30 00:54:06'),
(52, 'R20181001005406', 'P20181217221146', '135', 95, 1, NULL, '2018-09-30 00:54:06'),
(53, 'R20181001005406', 'P20181217221146', '136', 100, 6, NULL, '2018-09-30 00:54:06'),
(54, 'R20181001005406', 'P20181217221459', '137', 95, 42, NULL, '2018-09-30 00:54:06'),
(55, 'R20181001005406', 'P20181217221459', '138', 100, 6, NULL, '2018-09-30 00:54:06'),
(56, 'R20181001005406', 'P20181217221456', '139', 85, 1, NULL, '2018-09-30 00:54:06'),
(57, 'R20181001005406', 'P20181217221455', '140', 69, 10, NULL, '2018-09-30 00:54:06'),
(58, 'R20181001005406', 'P20181217221453', '141', 84, 1, NULL, '2018-09-30 00:54:06'),
(59, 'R20181001005406', 'P20181217221452', '142', 72, 9, NULL, '2018-09-30 00:54:06'),
(60, 'R20181001005406', 'P20181217221450', '143', 48, 8, NULL, '2018-09-30 00:54:06'),
(61, 'R20181001005406', 'P20181217221448', '144', 36, 6, NULL, '2018-09-30 00:54:06'),
(62, 'R20181001005406', 'P20181217221446', '145', 175, 3, NULL, '2018-09-30 00:54:06'),
(63, 'R20181001005406', 'P20181217221444', '146', 750, 1, NULL, '2018-09-30 00:54:06'),
(64, 'R20181001005406', 'P20181217221442', '147', 75, 8, NULL, '2018-09-30 00:54:06'),
(65, 'R20181001005406', 'P20181217221440', '148', 325, 1, NULL, '2018-09-30 00:54:06'),
(66, 'R20181001005406', 'P20181217221437', '149', 85, 1, NULL, '2018-09-30 00:54:06'),
(67, 'R20181001005406', 'P20181217221435', '150', 380, 1, NULL, '2018-09-30 00:54:06'),
(68, 'R20181001005406', 'P20181217221433', '151', 50, 1, NULL, '2018-09-30 00:54:06'),
(69, 'R20181001005406', 'P20181217221431', '152', 35, 4, NULL, '2018-09-30 00:54:06'),
(70, 'R20181001005406', 'P20181217221429', '153', 25, 21, NULL, '2018-09-30 00:54:06'),
(71, 'R20181001005406', 'P20181217234150', '154', 0.7, 500, NULL, '2018-09-30 00:54:06'),
(72, 'R20181001005406', 'P20181217221426', '155', 2, 150, NULL, '2018-09-30 00:54:06'),
(73, 'R20181001005406', 'P20181217221425', '156', 1, 1750, NULL, '2018-09-30 00:54:06'),
(74, 'R20181001005406', 'P20181217221423', '157', 5, 350, NULL, '2018-09-30 00:54:06'),
(75, 'R20181001005406', 'P20181217221422', '158', 4, 33, NULL, '2018-09-30 00:54:06'),
(76, 'R20181001005406', 'P20181217221420', '159', 5, 8, NULL, '2018-09-30 00:54:06'),
(77, 'R20181001005406', 'P20181217221418', '160', 30, 3, NULL, '2018-09-30 00:54:06'),
(78, 'R20181001005406', 'P20181217221416', '161', 35, 3, NULL, '2018-09-30 00:54:06'),
(79, 'R20181001005406', 'P20181217221415', '162', 35, 2, NULL, '2018-09-30 00:54:06'),
(80, 'R20181001005406', 'P20181217221412', '163', 28, 1, NULL, '2018-09-30 00:54:06'),
(81, 'R20181001005406', 'P20181217221410', '164', 25, 30, NULL, '2018-09-30 00:54:06'),
(82, 'R20181001005406', 'P20181217221408', '165', 75, 1, NULL, '2018-09-30 00:54:06'),
(83, 'R20181001005406', 'P20181217221406', '166', 55, 1, NULL, '2018-09-30 00:54:06'),
(84, 'R20181001005406', 'P20181217221404', '167', 100, 2, NULL, '2018-09-30 00:54:06'),
(85, 'R20181001005406', 'P20181217221402', '168', 28, 10, NULL, '2018-09-30 00:54:06'),
(86, 'R20181001005406', 'P20181217221400', '169', 220, 1, NULL, '2018-09-30 00:54:06'),
(87, 'R20181001005406', 'P20181217221357', '170', 75, 14, NULL, '2018-09-30 00:54:06'),
(88, 'R20181001005406', 'P20181217221355', '171', 5, 16, NULL, '2018-09-30 00:54:06'),
(89, 'R20181001005406', 'P20181217221353', '172', 5, 36, NULL, '2018-09-30 00:54:06'),
(90, 'R20181001005406', 'P20181217221351', '173', 5, 73, NULL, '2018-09-30 00:54:06'),
(91, 'R20181001005406', 'P20181217221350', '174', 20, 2, NULL, '2018-09-30 00:54:06'),
(92, 'R20181001005406', 'P20181217221346', '175', 16, 2, NULL, '2018-09-30 00:54:06'),
(93, 'R20181001005406', 'P20181217221346', '176', 15, 3, NULL, '2018-09-30 00:54:06'),
(94, 'R20181001005406', 'P20181217221342', '177', 16, 14, NULL, '2018-09-30 00:54:06'),
(95, 'R20181001005406', 'P20181217221342', '178', 15, 1, NULL, '2018-09-30 00:54:06'),
(96, 'R20181001005406', 'P20181217221340', '179', 45, 11, NULL, '2018-09-30 00:54:06'),
(97, 'R20181001005406', 'P20181217221340', '180', 48, 12, NULL, '2018-09-30 00:54:06'),
(98, 'R20181001005406', 'P20181217221337', '181', 70, 18, NULL, '2018-09-30 00:54:06'),
(99, 'R20181001005406', 'P20181217221336', '182', 75, 22, NULL, '2018-09-30 00:54:06'),
(100, 'R20181001005406', 'P20181217221336', '183', 80, 12, NULL, '2018-09-30 00:54:06'),
(101, 'R20181001005406', 'P20181217221333', '184', 95, 9, NULL, '2018-09-30 00:54:06'),
(102, 'R20181001005406', 'P20181217221332', '185', 75, 3, NULL, '2018-09-30 00:54:06'),
(103, 'R20181001005406', 'P20181217221331', '186', 20, 75, NULL, '2018-09-30 00:54:06'),
(104, 'R20181001005406', 'P20181217221329', '187', 60, 4, NULL, '2018-09-30 00:54:06'),
(105, 'R20181001005406', 'P20181217221328', '188', 10, 11, NULL, '2018-09-30 00:54:06'),
(106, 'R20181001005406', 'P20181217221326', '189', 10, 12, NULL, '2018-09-30 00:54:06'),
(107, 'R20181001005406', 'P20181217221325', '190', 75, 17, NULL, '2018-09-30 00:54:06'),
(108, 'R20181001005406', 'P20181217221324', '191', 75, 18, NULL, '2018-09-30 00:54:06'),
(109, 'R20181001005406', 'P20181217221322', '192', 150, 1, NULL, '2018-09-30 00:54:06'),
(110, 'R20181001005406', 'P20181217221321', '193', 5, 7, NULL, '2018-09-30 00:54:06'),
(111, 'R20181001005406', 'P20181217221319', '194', 5, 48, NULL, '2018-09-30 00:54:06'),
(112, 'R20181001005406', 'P20181217221317', '195', 10, 107, NULL, '2018-09-30 00:54:06'),
(113, 'R20181001005406', 'P20181217221316', '196', 8, 39, NULL, '2018-09-30 00:54:06'),
(114, 'R20181001005406', 'P20181217221314', '197', 7, 42, NULL, '2018-09-30 00:54:06'),
(115, 'R20181001005406', 'P20181217221312', '198', 12, 16, NULL, '2018-09-30 00:54:06'),
(116, 'R20181001005406', 'P20181217221311', '199', 35, 3, NULL, '2018-09-30 00:54:06'),
(117, 'R20181001005406', 'P20181217221309', '200', 27, 23, NULL, '2018-09-30 00:54:06'),
(118, 'R20181001005406', 'P20181217221307', '201', 220, 3, NULL, '2018-09-30 00:54:06'),
(119, 'R20181001005406', 'P20181217221305', '202', 80, 16, NULL, '2018-09-30 00:54:06'),
(120, 'R20181001005406', 'P20181217221303', '203', 65, 28, NULL, '2018-09-30 00:54:06'),
(121, 'R20181001005406', 'P20181217221301', '204', 10, 4, NULL, '2018-09-30 00:54:06'),
(122, 'R20181001005406', 'P20181217221259', '205', 35, 7, NULL, '2018-09-30 00:54:06'),
(123, 'R20181001005406', 'P20181217221257', '206', 95, 3, NULL, '2018-09-30 00:54:06'),
(124, 'R20181001005406', 'P20181217221256', '207', 2500, 3, NULL, '2018-09-30 00:54:06'),
(125, 'R20181001005406', 'P20181217221254', '208', 550, 5, NULL, '2018-09-30 00:54:06'),
(126, 'R20181001005406', 'P20181217221252', '209', 4900, 1, NULL, '2018-09-30 00:54:06'),
(127, 'R20181001005406', 'P20181217221250', '210', 35, 4, NULL, '2018-09-30 00:54:06'),
(128, 'R20181001005406', 'P20181217221248', '211', 1250, 1, NULL, '2018-09-30 00:54:06'),
(129, 'R20181001005406', 'P20181218104710', '212', 22.5, 18, NULL, '2018-09-30 00:54:06'),
(130, 'R20181001005406', 'P20181217221246', '213', 6, 40, NULL, '2018-09-30 00:54:06'),
(131, 'R20181001005406', 'P20181217221244', '214', 2300, 3, NULL, '2018-09-30 00:54:06'),
(132, 'R20181001005406', 'P20181217221242', '215', 2050, 2, NULL, '2018-09-30 00:54:06'),
(133, 'R20181001005406', 'P20181217221241', '216', 5800, 1, NULL, '2018-09-30 00:54:06'),
(134, 'R20181001005406', 'P20181217221239', '217', 4300, 2, NULL, '2018-09-30 00:54:06'),
(135, 'R20181001005406', 'P20181217221238', '218', 5800, 2, NULL, '2018-09-30 00:54:06'),
(136, 'R20181001005406', 'P20181217221236', '219', 4300, 1, NULL, '2018-09-30 00:54:06'),
(137, 'R20181001005406', 'P20181217221234', '220', 2700, 2, NULL, '2018-09-30 00:54:06'),
(138, 'R20181001005406', 'P20181217221208', '221', 350, 4, NULL, '2018-09-30 00:54:06'),
(139, 'R20181001005406', 'P20181217221206', '222', 3750, 1, NULL, '2018-09-30 00:54:06'),
(140, 'R20181001005406', 'P20181217221205', '223', 4150, 3, NULL, '2018-09-30 00:54:06'),
(141, 'R20181001005406', 'P20181217221203', '224', 3700, 2, NULL, '2018-09-30 00:54:06'),
(142, 'R20181001005406', 'P20181217221201', '225', 2550, 1, NULL, '2018-09-30 00:54:06'),
(143, 'R20181001005406', 'P20181217221200', '226', 160, 1, NULL, '2018-09-30 00:54:06'),
(144, 'R20181001005406', 'P20181217221158', '227', 280, 3, NULL, '2018-09-30 00:54:06'),
(145, 'R20181001005406', 'P20181217221156', '228', 250, 3, NULL, '2018-09-30 00:54:06'),
(146, 'R20181001005406', 'P20181217221155', '229', 250, 3, NULL, '2018-09-30 00:54:06'),
(147, 'R20181001005406', 'P20181217221153', '230', 250, 3, NULL, '2018-09-30 00:54:06'),
(148, 'R20181001005406', 'P20181217221150', '231', 550, 1, NULL, '2018-09-30 00:54:06'),
(153, 'R20181218120703', 'P20181217225643', '236', 115, 100, NULL, '2018-12-18 12:07:03'),
(154, 'A20181114090240', 'P20181217225643', '132', 115, -5, NULL, '2018-11-14 09:02:40'),
(155, 'A20181114090240', 'P20181217221208', '221', 350, -2, NULL, '2018-11-14 09:02:40'),
(156, 'A20181114090240', 'P20181217221205', '223', 4150, -1, NULL, '2018-11-14 09:02:40'),
(157, 'A20181114090240', 'P20181217221416', '161', 35, -1, NULL, '2018-11-14 09:02:40'),
(158, 'A20181114090240', 'P20181217221316', '196', 8, -3, NULL, '2018-11-14 09:02:40'),
(159, 'A20181114090240', 'P20181217221333', '184', 95, -3, NULL, '2018-11-14 09:02:40'),
(160, 'A20181114090240', 'P20181217221337', '181', 70, -5, NULL, '2018-11-14 09:02:40'),
(161, 'A20181114090240', 'P20181217221429', '153', 25, -5, NULL, '2018-11-14 09:02:40'),
(162, 'A20181115082923', 'P20181217221309', '200', 27, -6, NULL, '2018-11-15 08:29:23'),
(163, 'A20181115082923', 'P20181217221406', '166', 55, -1, NULL, '2018-11-15 08:29:23'),
(164, 'A20181116133440', 'P20181217221326', '189', 10, -6, NULL, '2018-11-16 13:34:40'),
(165, 'A20181121131438', 'P20181217221450', '143', 48, -1, NULL, '2018-11-21 13:14:38'),
(166, 'A20181121131438', 'P20181217221448', '144', 36, -1, NULL, '2018-11-21 13:14:38'),
(167, 'A20181121131438', 'P20181217221452', '142', 72, -1, NULL, '2018-11-21 13:14:38'),
(168, 'A20181121131438', 'P20181217221303', '203', 65, -1, NULL, '2018-11-21 13:14:38'),
(169, 'A20181116113356', 'P20181217221328', '188', 10, -6, NULL, '2018-11-16 11:33:56'),
(170, 'A20181121131035', 'P20181217221453', '141', 84, -1, NULL, '2018-11-21 13:10:35'),
(171, 'A20181122101105', 'P20181217225643', '132', 115, -5, NULL, '2018-11-22 10:11:05'),
(172, 'A20181123084820', 'P20181217225643', '132', 115, -6, NULL, '2018-11-23 08:48:20'),
(173, 'A20181123084820', 'P20181217221422', '158', 4, -3, NULL, '2018-11-23 08:48:20'),
(174, 'A20181123084820', 'P20181217221350', '174', 20, -1, NULL, '2018-11-23 08:48:20'),
(175, 'A20181123084820', 'P20181217221331', '186', 20, -4, NULL, '2018-11-23 08:48:20'),
(176, 'A20181126102833', 'P20181217221234', '220', 2700, -1, NULL, '2018-11-26 10:28:33'),
(177, 'A20181206090726', 'P20181217221244', '214', 2300, -1, NULL, '2018-12-06 09:07:26'),
(178, 'A20181214093736', 'P20181217221205', '223', 4150, -1, NULL, '2018-12-14 09:37:36'),
(179, 'A20181214133038', 'P20181217221351', '173', 5, -2, NULL, '2018-12-14 13:30:38'),
(180, 'A20181214133038', 'P20181217221353', '172', 5, -1, NULL, '2018-12-14 13:30:38'),
(181, 'A20181217093029', 'P20181217225643', '132', 115, -14, NULL, '2018-12-17 09:30:29'),
(182, 'A20181217093029', 'P20181217225643', '236', 115, -6, NULL, '2018-12-17 09:30:29'),
(183, 'A20181212141705', 'P20181217225643', '236', 115, -1, NULL, '2018-12-12 14:17:05'),
(184, 'A20181217094154', 'P20181217225643', '236', 115, -5, NULL, '2018-12-17 09:41:54'),
(185, 'A20181217094154', 'P20181217221350', '174', 20, -1, NULL, '2018-12-17 09:41:54'),
(186, 'A20181217094154', 'P20181217221357', '170', 75, -1, NULL, '2018-12-17 09:41:54'),
(187, 'A20181217094154', 'P20181217221317', '195', 10, -4, NULL, '2018-12-17 09:41:54'),
(188, 'A20181217094154', 'P20181217221316', '196', 8, -3, NULL, '2018-12-17 09:41:54'),
(193, 'A20181002004030', 'P20181217221402', '168', 28, -1, NULL, '2018-10-02 00:40:30'),
(194, 'A20181002004030', 'P20181217221400', '169', 220, -1, NULL, '2018-10-02 00:40:30'),
(195, 'A20181002004030', 'P20181217221309', '200', 27, -2, NULL, '2018-10-02 00:40:30'),
(196, 'A20181002004030', 'P20181217221312', '198', 12, -1, NULL, '2018-10-02 00:40:30'),
(197, 'A20181002004030', 'P20181217221303', '203', 65, -1, NULL, '2018-10-02 00:40:30'),
(198, 'A20181002004030', 'P20181218104710', '212', 22.5, -2, NULL, '2018-10-02 00:40:30'),
(199, 'A20181220150452', 'P20181217221203', '224', 3700, -1, NULL, '2018-12-20 15:04:52'),
(200, 'R20181221154113', 'P20181217221203', '241', 5082.5, 3, 'IN', '2018-12-19 15:41:13'),
(201, 'R20181221154113', 'P20181217221234', '242', 2461, 4, 'IN', '2018-12-19 15:41:13'),
(202, 'R20181221154113', 'P20181217221205', '243', 4601, 3, 'IN', '2018-12-19 15:41:13'),
(203, 'R20181221154113', 'P20181217221206', '244', 4815, 2, 'IN', '2018-12-19 15:41:13'),
(204, 'R20181221155058', 'P20181218114521', '245', 3210, 3, 'IN', '2018-11-21 15:50:58'),
(205, 'R20181221155058', 'P20181218120118', '246', 5885, 1, 'IN', '2018-11-21 15:50:58'),
(206, 'R20181221155058', 'P20181218115953', '247', 5885, 1, 'IN', '2018-11-21 15:50:58'),
(207, 'R20181221155058', 'P20181218115822', '248', 5885, 1, 'IN', '2018-11-21 15:50:58'),
(208, 'R20181221155738', 'P20181221155630', '249', 4, 300, 'IN', '2018-12-21 15:57:38'),
(209, 'R20181221155738', 'P20181221155649', '250', 4, 300, 'IN', '2018-12-21 15:57:38'),
(210, 'A20181221161651', 'P20181217221234', '220', 2700, -1, 'OUT', '2018-12-21 16:16:51'),
(211, 'A20181221161651', 'P20181217221206', '222', 3750, -1, 'OUT', '2018-12-21 16:16:51'),
(212, 'A20181221161651', 'P20181217221205', '223', 4150, -1, 'OUT', '2018-12-21 16:16:51'),
(213, 'A20181221161651', 'P20181217221203', '224', 3700, -1, 'OUT', '2018-12-21 16:16:51'),
(214, 'A20181221161651', 'P20181218114521', '245', 3210, -1, 'OUT', '2018-12-21 16:16:51'),
(215, 'A20181225084506', 'P20181217221205', '243', 4601, -1, 'OUT', '2018-12-25 08:45:06'),
(216, 'A20181225093835', 'P20181217225643', '236', 115, -13, 'OUT', '2018-12-25 09:38:35'),
(217, 'A20181225093835', 'P20181217225649', '133', 100, -2, 'OUT', '2018-12-25 09:38:35'),
(218, 'A20181225093835', 'P20181217225703', '134', 95, -3, 'OUT', '2018-12-25 09:38:35'),
(219, 'A20181225093835', 'P20181217221146', '135', 95, -1, 'OUT', '2018-12-25 09:38:35'),
(220, 'A20181225093835', 'P20181217221452', '142', 72, -1, 'OUT', '2018-12-25 09:38:35'),
(221, 'A20181225093835', 'P20181217221450', '143', 48, -1, 'OUT', '2018-12-25 09:38:35'),
(222, 'A20181225093835', 'P20181217221448', '144', 36, -1, 'OUT', '2018-12-25 09:38:35'),
(223, 'A20181225093835', 'P20181217221442', '147', 75, -1, 'OUT', '2018-12-25 09:38:35'),
(224, 'A20181225093835', 'P20181217221433', '151', 50, -1, 'OUT', '2018-12-25 09:38:35'),
(225, 'A20181225093835', 'P20181217221431', '152', 35, -1, 'OUT', '2018-12-25 09:38:35'),
(226, 'A20181225093835', 'P20181217221426', '155', 2, -150, 'OUT', '2018-12-25 09:38:35'),
(227, 'A20181225093835', 'P20181217221425', '156', 1, -150, 'OUT', '2018-12-25 09:38:35'),
(228, 'A20181225093835', 'P20181217221423', '157', 5, -250, 'OUT', '2018-12-25 09:38:35'),
(229, 'A20181225093835', 'P20181217221410', '164', 25, -1, 'OUT', '2018-12-25 09:38:35'),
(230, 'A20181225093835', 'P20181217221402', '168', 28, -3, 'OUT', '2018-12-25 09:38:35'),
(231, 'A20181225093835', 'P20181217221351', '173', 5, -5, 'OUT', '2018-12-25 09:38:35'),
(232, 'A20181225093835', 'P20181217221336', '182', 75, -2, 'OUT', '2018-12-25 09:38:35'),
(233, 'A20181225093835', 'P20181217221331', '186', 20, -30, 'OUT', '2018-12-25 09:38:35'),
(234, 'A20181225093835', 'P20181217221326', '189', 10, -2, 'OUT', '2018-12-25 09:38:35'),
(235, 'A20181225093835', 'P20181217221325', '190', 75, -4, 'OUT', '2018-12-25 09:38:35'),
(236, 'A20181225093835', 'P20181217221324', '191', 75, -11, 'OUT', '2018-12-25 09:38:35'),
(237, 'A20181225093835', 'P20181217221321', '193', 5, -1, 'OUT', '2018-12-25 09:38:35'),
(238, 'A20181225093835', 'P20181217221317', '195', 10, -11, 'OUT', '2018-12-25 09:38:35'),
(239, 'A20181225093835', 'P20181217221312', '198', 12, -10, 'OUT', '2018-12-25 09:38:35'),
(240, 'A20181225093835', 'P20181217221309', '200', 27, -3, 'OUT', '2018-12-25 09:38:35'),
(241, 'A20181225093835', 'P20181217221303', '203', 65, -4, 'OUT', '2018-12-25 09:38:35'),
(242, 'A20181225093835', 'P20181217221257', '206', 95, -1, 'OUT', '2018-12-25 09:38:35'),
(243, 'A20181225093835', 'P20181217221246', '213', 6, -20, 'OUT', '2018-12-25 09:38:35'),
(244, 'A20181225093835', 'P20181217221238', '218', 5800, -2, 'OUT', '2018-12-25 09:38:35'),
(245, 'A20181225093835', 'P20181217221150', '231', 550, -1, 'OUT', '2018-12-25 09:38:35'),
(246, 'A20181225094926', 'P20181217221206', '244', 4815, -1, 'OUT', '2018-12-25 09:49:26');

-- --------------------------------------------------------

--
-- Table structure for table `migration`
--

CREATE TABLE `migration` (
  `version` varchar(180) COLLATE utf8_unicode_ci NOT NULL,
  `apply_time` int(11) DEFAULT NULL
) ENGINE=InnoDB DEFAULT CHARSET=utf8 COLLATE=utf8_unicode_ci;

--
-- Dumping data for table `migration`
--

INSERT INTO `migration` (`version`, `apply_time`) VALUES
('m000000_000000_base', 1545369596),
('m181030_031511_product', 1545369599),
('m181030_070804_product_catalog', 1545369599),
('m181030_071221_product_unit', 1545369599),
('m181102_122933_order', 1545369599),
('m181102_123037_order_list', 1545369599),
('m181121_152337_receipt', 1545369599),
('m181121_152347_receipt_list', 1545369599),
('m181211_155915_log_st', 1545369599),
('m181225_090609_report_m', 1545729883),
('m181225_090619_report_m_l', 1545729883);

-- --------------------------------------------------------

--
-- Table structure for table `order`
--

CREATE TABLE `order` (
  `id` int(11) NOT NULL,
  `order_code` varchar(32) COLLATE utf8_unicode_ci NOT NULL,
  `id_user` int(11) DEFAULT NULL,
  `sumtotal` float DEFAULT NULL,
  `status` int(11) DEFAULT NULL,
  `create_at` datetime DEFAULT NULL
) ENGINE=InnoDB DEFAULT CHARSET=utf8 COLLATE=utf8_unicode_ci;

--
-- Dumping data for table `order`
--

INSERT INTO `order` (`id`, `order_code`, `id_user`, `sumtotal`, `status`, `create_at`) VALUES
(1, 'A20181002004030', 38, 424, 1, '2018-10-02 00:40:30'),
(2, 'A20181114090240', 15, 6244, 1, '2018-11-14 09:02:40'),
(3, 'A20181115082923', 40, 217, 1, '2018-11-15 08:29:23'),
(4, 'A20181116113356', 40, 60, 1, '2018-11-16 11:33:56'),
(5, 'A20181116133440', 40, 60, 1, '2018-11-16 13:34:40'),
(6, 'A20181121131035', 15, 84, 1, '2018-11-21 13:10:35'),
(7, 'A20181121131438', 15, 221, 1, '2018-11-21 13:14:38'),
(8, 'A20181122101105', 36, 575, 1, '2018-11-22 10:11:05'),
(9, 'A20181123084820', 40, 802, 1, '2018-11-23 08:48:20'),
(10, 'A20181126102833', 21, 2700, 1, '2018-11-26 10:28:33'),
(11, 'A20181206090726', 39, 2300, 1, '2018-12-06 09:07:26'),
(12, 'A20181212141705', 15, 115, 1, '2018-12-12 14:17:05'),
(13, 'A20181214093736', 12, 4150, 1, '2018-12-14 09:37:36'),
(14, 'A20181214133038', 20, 15, 1, '2018-12-14 13:30:38'),
(15, 'A20181217093029', 40, 2300, 1, '2018-12-17 09:30:29'),
(16, 'A20181217094154', 36, 734, 1, '2018-12-17 09:41:54'),
(17, 'A20181220150452', 38, 3700, 1, '2018-12-20 15:04:52'),
(18, 'A20181221161651', 23, 17510, 1, '2018-12-21 16:16:51'),
(46, 'A20181225084506', 16, 4601, 1, '2018-12-25 08:45:06'),
(47, 'A20181225093835', 41, 19061, 1, '2018-12-25 09:38:35'),
(48, 'A20181225094926', 36, 4815, 1, '2018-12-25 09:49:26');

-- --------------------------------------------------------

--
-- Table structure for table `order_list`
--

CREATE TABLE `order_list` (
  `id` int(11) NOT NULL,
  `order_code` varchar(32) COLLATE utf8_unicode_ci NOT NULL,
  `product_code` varchar(255) COLLATE utf8_unicode_ci DEFAULT NULL,
  `receipt_list_id` varchar(32) COLLATE utf8_unicode_ci DEFAULT NULL,
  `unit_price` float DEFAULT NULL,
  `quantity` int(11) DEFAULT NULL,
  `create_at` datetime DEFAULT NULL
) ENGINE=InnoDB DEFAULT CHARSET=utf8 COLLATE=utf8_unicode_ci;

--
-- Dumping data for table `order_list`
--

INSERT INTO `order_list` (`id`, `order_code`, `product_code`, `receipt_list_id`, `unit_price`, `quantity`, `create_at`) VALUES
(49, 'A20181114090240', 'P20181217225643', '132', 115, 5, '2018-11-14 09:02:40'),
(50, 'A20181114090240', 'P20181217221208', '221', 350, 2, '2018-11-14 09:02:40'),
(51, 'A20181114090240', 'P20181217221205', '223', 4150, 1, '2018-11-14 09:02:40'),
(52, 'A20181114090240', 'P20181217221416', '161', 35, 1, '2018-11-14 09:02:40'),
(53, 'A20181114090240', 'P20181217221316', '196', 8, 3, '2018-11-14 09:02:40'),
(54, 'A20181114090240', 'P20181217221333', '184', 95, 3, '2018-11-14 09:02:40'),
(55, 'A20181114090240', 'P20181217221337', '181', 70, 5, '2018-11-14 09:02:40'),
(56, 'A20181114090240', 'P20181217221429', '153', 25, 5, '2018-11-14 09:02:40'),
(57, 'A20181115082923', 'P20181217221309', '200', 27, 6, '2018-11-15 08:29:23'),
(58, 'A20181115082923', 'P20181217221406', '166', 55, 1, '2018-11-15 08:29:23'),
(59, 'A20181116133440', 'P20181217221326', '189', 10, 6, '2018-11-16 13:34:40'),
(60, 'A20181121131438', 'P20181217221450', '143', 48, 1, '2018-11-21 13:14:38'),
(61, 'A20181121131438', 'P20181217221448', '144', 36, 1, '2018-11-21 13:14:38'),
(62, 'A20181121131438', 'P20181217221452', '142', 72, 1, '2018-11-21 13:14:38'),
(63, 'A20181121131438', 'P20181217221303', '203', 65, 1, '2018-11-21 13:14:38'),
(64, 'A20181116113356', 'P20181217221328', '188', 10, 6, '2018-11-16 11:33:56'),
(65, 'A20181121131035', 'P20181217221453', '141', 84, 1, '2018-11-21 13:10:35'),
(66, 'A20181122101105', 'P20181217225643', '132', 115, 5, '2018-11-22 10:11:05'),
(67, 'A20181123084820', 'P20181217225643', '132', 115, 6, '2018-11-23 08:48:20'),
(68, 'A20181123084820', 'P20181217221422', '158', 4, 3, '2018-11-23 08:48:20'),
(69, 'A20181123084820', 'P20181217221350', '174', 20, 1, '2018-11-23 08:48:20'),
(70, 'A20181123084820', 'P20181217221331', '186', 20, 4, '2018-11-23 08:48:20'),
(71, 'A20181126102833', 'P20181217221234', '220', 2700, 1, '2018-11-26 10:28:33'),
(72, 'A20181206090726', 'P20181217221244', '214', 2300, 1, '2018-12-06 09:07:26'),
(73, 'A20181214093736', 'P20181217221205', '223', 4150, 1, '2018-12-14 09:37:36'),
(74, 'A20181214133038', 'P20181217221351', '173', 5, 2, '2018-12-14 13:30:38'),
(75, 'A20181214133038', 'P20181217221353', '172', 5, 1, '2018-12-14 13:30:38'),
(76, 'A20181217093029', 'P20181217225643', '132', 115, 14, '2018-12-17 09:30:29'),
(77, 'A20181217093029', 'P20181217225643', '236', 115, 6, '2018-12-17 09:30:29'),
(78, 'A20181212141705', 'P20181217225643', '236', 115, 1, '2018-12-12 14:17:05'),
(79, 'A20181217094154', 'P20181217225643', '236', 115, 5, '2018-12-17 09:41:54'),
(80, 'A20181217094154', 'P20181217221350', '174', 20, 1, '2018-12-17 09:41:54'),
(81, 'A20181217094154', 'P20181217221357', '170', 75, 1, '2018-12-17 09:41:54'),
(82, 'A20181217094154', 'P20181217221317', '195', 10, 4, '2018-12-17 09:41:54'),
(83, 'A20181217094154', 'P20181217221316', '196', 8, 3, '2018-12-17 09:41:54'),
(84, 'A20181002004030', 'P20181217221402', '168', 28, 1, '2018-10-02 00:40:30'),
(85, 'A20181002004030', 'P20181217221400', '169', 220, 1, '2018-10-02 00:40:30'),
(86, 'A20181002004030', 'P20181217221309', '200', 27, 2, '2018-10-02 00:40:30'),
(87, 'A20181002004030', 'P20181217221312', '198', 12, 1, '2018-10-02 00:40:30'),
(88, 'A20181002004030', 'P20181217221303', '203', 65, 1, '2018-10-02 00:40:30'),
(89, 'A20181002004030', 'P20181218104710', '212', 22.5, 2, '2018-10-02 00:40:30'),
(90, 'A20181220150452', 'P20181217221203', '224', 3700, 1, '2018-12-20 15:04:52'),
(91, 'A20181221161651', 'P20181217221234', '220', 2700, 1, '2018-12-21 16:16:51'),
(92, 'A20181221161651', 'P20181217221206', '222', 3750, 1, '2018-12-21 16:16:51'),
(93, 'A20181221161651', 'P20181217221205', '223', 4150, 1, '2018-12-21 16:16:51'),
(94, 'A20181221161651', 'P20181217221203', '224', 3700, 1, '2018-12-21 16:16:51'),
(95, 'A20181221161651', 'P20181218114521', '245', 3210, 1, '2018-12-21 16:16:51'),
(96, 'A20181225084506', 'P20181217221205', '243', 4601, 1, '2018-12-25 08:45:06'),
(97, 'A20181225093835', 'P20181217225643', '236', 115, 13, '2018-12-25 09:38:35'),
(98, 'A20181225093835', 'P20181217225649', '133', 100, 2, '2018-12-25 09:38:35'),
(99, 'A20181225093835', 'P20181217225703', '134', 95, 3, '2018-12-25 09:38:35'),
(100, 'A20181225093835', 'P20181217221146', '135', 95, 1, '2018-12-25 09:38:35'),
(101, 'A20181225093835', 'P20181217221452', '142', 72, 1, '2018-12-25 09:38:35'),
(102, 'A20181225093835', 'P20181217221450', '143', 48, 1, '2018-12-25 09:38:35'),
(103, 'A20181225093835', 'P20181217221448', '144', 36, 1, '2018-12-25 09:38:35'),
(104, 'A20181225093835', 'P20181217221442', '147', 75, 1, '2018-12-25 09:38:35'),
(105, 'A20181225093835', 'P20181217221433', '151', 50, 1, '2018-12-25 09:38:35'),
(106, 'A20181225093835', 'P20181217221431', '152', 35, 1, '2018-12-25 09:38:35'),
(107, 'A20181225093835', 'P20181217221426', '155', 2, 150, '2018-12-25 09:38:35'),
(108, 'A20181225093835', 'P20181217221425', '156', 1, 150, '2018-12-25 09:38:35'),
(109, 'A20181225093835', 'P20181217221423', '157', 5, 250, '2018-12-25 09:38:35'),
(110, 'A20181225093835', 'P20181217221410', '164', 25, 1, '2018-12-25 09:38:35'),
(111, 'A20181225093835', 'P20181217221402', '168', 28, 3, '2018-12-25 09:38:35'),
(112, 'A20181225093835', 'P20181217221351', '173', 5, 5, '2018-12-25 09:38:35'),
(113, 'A20181225093835', 'P20181217221336', '182', 75, 2, '2018-12-25 09:38:35'),
(114, 'A20181225093835', 'P20181217221331', '186', 20, 30, '2018-12-25 09:38:35'),
(115, 'A20181225093835', 'P20181217221326', '189', 10, 2, '2018-12-25 09:38:35'),
(116, 'A20181225093835', 'P20181217221325', '190', 75, 4, '2018-12-25 09:38:35'),
(117, 'A20181225093835', 'P20181217221324', '191', 75, 11, '2018-12-25 09:38:35'),
(118, 'A20181225093835', 'P20181217221321', '193', 5, 1, '2018-12-25 09:38:35'),
(119, 'A20181225093835', 'P20181217221317', '195', 10, 11, '2018-12-25 09:38:35'),
(120, 'A20181225093835', 'P20181217221312', '198', 12, 10, '2018-12-25 09:38:35'),
(121, 'A20181225093835', 'P20181217221309', '200', 27, 3, '2018-12-25 09:38:35'),
(122, 'A20181225093835', 'P20181217221303', '203', 65, 4, '2018-12-25 09:38:35'),
(123, 'A20181225093835', 'P20181217221257', '206', 95, 1, '2018-12-25 09:38:35'),
(124, 'A20181225093835', 'P20181217221246', '213', 6, 20, '2018-12-25 09:38:35'),
(125, 'A20181225093835', 'P20181217221238', '218', 5800, 2, '2018-12-25 09:38:35'),
(126, 'A20181225093835', 'P20181217221150', '231', 550, 1, '2018-12-25 09:38:35'),
(127, 'A20181225094926', 'P20181217221206', '244', 4815, 1, '2018-12-25 09:49:26');

-- --------------------------------------------------------

--
-- Table structure for table `product`
--

CREATE TABLE `product` (
  `id` int(11) NOT NULL,
  `product_name` varchar(255) COLLATE utf8_unicode_ci NOT NULL,
  `code` varchar(255) COLLATE utf8_unicode_ci DEFAULT NULL,
  `img` varchar(255) COLLATE utf8_unicode_ci DEFAULT NULL,
  `category` int(11) DEFAULT NULL,
  `unit` int(11) DEFAULT NULL,
  `Description` varchar(255) COLLATE utf8_unicode_ci DEFAULT NULL,
  `location` varchar(255) COLLATE utf8_unicode_ci DEFAULT NULL,
  `status` smallint(6) DEFAULT NULL,
  `instoke` int(11) DEFAULT NULL,
  `lower` int(11) DEFAULT NULL,
  `create_at` datetime DEFAULT NULL
) ENGINE=InnoDB DEFAULT CHARSET=utf8 COLLATE=utf8_unicode_ci;

--
-- Dumping data for table `product`
--

INSERT INTO `product` (`id`, `product_name`, `code`, `img`, `category`, `unit`, `Description`, `location`, `status`, `instoke`, `lower`, `create_at`) VALUES
(1, 'ทดสอบ', 'P20181217220033', '8d665b817cc485898c4c0343ac318637.png', 1, 1, '', '', 0, 0, 5, '2018-09-30 00:54:06'),
(2, 'กระดาษ A4', 'P20181217225643', '3892d986b0d58a19cd56c078cf29587a.jpg', 1, 1, '', '', 1, 75, 5, '2018-09-30 00:54:06'),
(3, 'กระดาษ A4 สีชมพู', 'P20181217225649', 'ac5a4599c1fc00edf5b979441f430389.jpg', 1, 1, '', '', 1, 1, 5, '2018-09-30 00:54:06'),
(4, 'กระดาษ A4 สีฟ้า', 'P20181217225703', '03b725ff8de3b3d07163d8ad806f8b5d.jpg', 1, 1, '', '', 1, 13, 5, '2018-09-30 00:54:06'),
(6, 'กระดาษ A4 สีเขียว', 'P20181217221146', 'a861ed0083eebb6b6dde7072e55c9042.jpg', 1, 1, '', '', 1, 6, 5, '2018-09-30 00:54:06'),
(8, 'กระดาษ A4 สีเหลือง', 'P20181217221459', 'b5cb49af19cdcf026ab98f2099bf8290.jpg', 1, 1, '', '', 1, 48, 5, '2018-09-30 00:54:06'),
(9, 'กรรไกร 9นิ้ว', 'P20181217221456', '1802d478ddb9a54cc6cb318d7cdcbe88.jpg', 1, 4, '', '', 1, 1, 5, '2018-09-30 00:54:06'),
(10, 'กาวยู้ฮู', 'P20181217221455', 'ec1b3bf2981a43ea685278525bf78585.jpg', 1, 4, '', '', 1, 10, 5, '2018-09-30 00:54:06'),
(11, 'คลิปดำ No.108', 'P20181217221453', '86bdb0bd671504fc950c00e225c1296f.jpg', 1, 3, '', '', 1, 0, 5, '2018-09-30 00:54:06'),
(12, 'คลิปดำ No.109', 'P20181217221452', '4a568d4c21fc5a07da726ce81e64d7da.jpg', 1, 3, '', '', 1, 7, 5, '2018-09-30 00:54:06'),
(13, 'คลิปดำ No.110', 'P20181217221450', 'c14d2d891a3de37871cd0368e781d0f7.jpg', 1, 3, '', '', 1, 6, 5, '2018-09-30 00:54:06'),
(14, 'คลิปดำ No.111', 'P20181217221448', '98643be7db16cd1b690c7da0440e4067.jpg', 1, 3, '', '', 1, 4, 5, '2018-09-30 00:54:06'),
(15, 'เครื่องเจาะกระดาษ-เล็ก', 'P20181217221446', '241b117ec0d8484992a488572dfb2a24.jpg', 1, 4, '', '', 1, 3, 5, '2018-09-30 00:54:06'),
(16, 'เครื่องเจาะกระดาษ-ใหญ่', 'P20181217221444', '891cc6dd49a683431c5c8f2b2c4eaa1c.jpg', 1, 4, '', '', 1, 1, 5, '2018-09-30 00:54:06'),
(17, 'เครื่องเย็บกระดาษ No.10', 'P20181217221442', '58ea8d74dd3bfe27be17cfe78998f970.jpg', 1, 4, '', '', 1, 7, 5, '2018-09-30 00:54:06'),
(18, 'เครื่องเย็บกระดาษ No.88', 'P20181217221440', '61a772992f586c776c28113ac0f517f4.jpg', 1, 4, '', '', 1, 1, 5, '2018-09-30 00:54:06'),
(19, 'เครื่องเย็บกระดาษ HD 50', 'P20181217221437', 'c8b90c052286f0cd57e3e2e98e2b5e28.jpg', 1, 4, '', '', 1, 1, 5, '2018-09-30 00:54:06'),
(20, 'เครื่องเหลาดินสอ', 'P20181217221435', 'ec65bfb710d6833881fd1399821fa52e.jpg', 1, 4, '', '', 1, 1, 5, '2018-09-30 00:54:06'),
(21, 'คัตเตอร์-ใหญ่', 'P20181217221433', '205d8b7b220f6c7cb98554749c53c4e3.jpg', 1, 4, '', '', 1, 0, 5, '2018-09-30 00:54:06'),
(22, 'คัตเตอร์-เล็ก', 'P20181217221431', 'e4a9bf0a1dc78f18535b958338f25fa4.jpg', 1, 4, '', '', 1, 3, 5, '2018-09-30 00:54:06'),
(23, 'เชือกมัดสำนวน', 'P20181217221429', '25e0cd688b34a4ab459a8ecfa0e2e797.jpg', 1, 5, '', '', 1, 16, 5, '2018-09-30 00:54:06'),
(24, 'ซองครุฑสีน้ำตาลพับ3', 'P20181217221426', '985bd5eba65dd831dfdc01e47664aecc.jpg', 1, 6, '', '', 1, 0, 5, '2018-09-30 00:54:06'),
(25, 'ซองครุฑสีน้ำตาลพับ2', 'P20181217221425', '75fd907c80d528d9728f4204438388e6.jpg', 1, 6, '', '', 1, 1600, 5, '2018-09-30 00:54:06'),
(26, 'ซองครุฑสีน้ำตาล A4 ขยายข้าง', 'P20181217221423', '07d51c968d6e930ae974976c9a41e0bc.jpg', 1, 6, '', '', 1, 100, 5, '2018-09-30 00:54:06'),
(27, 'ดินสอ HB', 'P20181217221422', '9c34f4dede8c46264ea93a7053a2c27c.jpg', 1, 7, '', '', 1, 30, 5, '2018-09-30 00:54:06'),
(28, 'ดินสอ 2B', 'P20181217221420', 'd1aff273fdf74d40bcc4cee1256c26a5.jpg', 1, 7, '', '', 1, 8, 5, '2018-09-30 00:54:06'),
(29, 'ตลับชาติ-สีดำ', 'P20181217221418', '7fbded601054a1dd39d8852c2a6678b3.jpg', 1, 8, '', '', 1, 3, 5, '2018-09-30 00:54:06'),
(30, 'ตลับชาติ-สีแดง', 'P20181217221416', '584b02c218e3f7445c1d3551ca5a209a.jpg', 1, 8, '', '', 1, 2, 5, '2018-09-30 00:54:06'),
(31, 'ตลับชาติ-สีน้ำเงิน', 'P20181217221415', '5fe4e98c8ec5768b01a1128e80087143.jpg', 1, 8, '', '', 1, 2, 5, '2018-09-30 00:54:06'),
(32, 'ที่ดึงลวดเย็บกระดาษ', 'P20181217221412', 'ca221df23f3ffe447811406e486b424e.jpg', 1, 4, '', '', 1, 1, 5, '2018-09-30 00:54:06'),
(33, 'เทปกาวสีน้ำตาล', 'P20181217221410', 'a63bb279895790e1040957abad0523f6.jpg', 1, 5, '', '', 1, 29, 5, '2018-09-30 00:54:06'),
(34, 'เทปกาวผ้า (แล็กซีน) ขนาด 2 นิ้ว', 'P20181217221408', '73b09d632d6c093bd88bb635cc5df5a9.jpg', 1, 5, '', '', 1, 1, 5, '2018-09-30 00:54:06'),
(35, 'เทปกาวผ้า (แล็กซีน) ขนาด 1.5 นิ้ว', 'P20181217221406', '3259c8ffd4b5b66357bc2015d6ed210a.jpg', 1, 5, '', '', 1, 0, 5, '2018-09-30 00:54:06'),
(36, 'เทปกาวผ้า (แล็กซีน) ขนาด 2.5 นิ้ว', 'P20181217221404', 'a682e9e7d2fab98a2a4d0ed7ec6627bc.jpg', 1, 5, '', '', 1, 2, 5, '2018-09-30 00:54:06'),
(37, 'เทปกาวสองหน้า-ชนิดบาง', 'P20181217221402', 'f7911bcd0483789f470c35b4056e8391.jpg', 1, 5, '', '', 1, 6, 5, '2018-09-30 00:54:06'),
(38, 'เทปกาวสองหน้า-ชนิดหนา', 'P20181217221400', '2ded2dd743a6a3a7d166257657b2eea9.jpg', 1, 5, '', '', 1, 0, 5, '2018-09-30 00:54:06'),
(39, 'น้ำยาลบคำผิด', 'P20181217221357', 'd546fbc1b6d0d747b0807150270578b0.jpg', 1, 4, '', '', 1, 13, 5, '2018-09-30 00:54:06'),
(40, 'ปากกาดำ', 'P20181217221355', 'f70ad62f294ed3dc284f19368d65f647.jpg', 1, 10, '', '', 1, 16, 5, '2018-09-30 00:54:06'),
(41, 'ปากกาแดง', 'P20181217221353', '72a91628ef484e434c9e4b56340f860b.jpg', 1, 10, '', '', 1, 35, 5, '2018-09-30 00:54:06'),
(42, 'ปากกาน้ำเงิน', 'P20181217221351', '22e44756484c9951bdb1de60950cfed1.jpg', 1, 10, '', '', 1, 66, 5, '2018-09-30 00:54:06'),
(43, 'ปากกาเขียนไวท์บอร์ด-น้ำเงิน', 'P20181217221350', '27fe692493bca2ab72137898e6cc05d7.jpg', 1, 10, '', '', 1, 0, 5, '2018-09-30 00:54:06'),
(44, 'ปากกาเคมี 2 หัว-สีดำ (16)', 'P20181217221348', '4d7ddd2981382f3085284b62cf4f8c5a.jpg', 1, 10, '', '', 1, 0, 5, '2018-09-30 00:54:06'),
(45, 'ปากกาเคมี 2 หัว-สีดำ ', 'P20181217221346', 'fe87beab4cb4cbc1deb3928323c42664.jpg', 1, 10, '', '', 1, 5, 5, '2018-09-30 00:54:06'),
(46, '99', 'P20181217221343', 'b7e0e3c9d49cda9bc83aabef88839576.jpg', 1, 10, '', '', 1, 0, 5, '2018-09-30 00:54:06'),
(47, 'ปากกาเคมี 2 หัว-สีแดง (15)', 'P20181217221342', '914b8b234a72fa9d4147ebe006bb29f4.jpg', 1, 10, '', '', 1, 15, 5, '2018-09-30 00:54:06'),
(48, 'เป๊กทองเหลือง 1 นิ้ว ', 'P20181217221340', '84791211fd3562390c5fcec658492a9a.jpg', 1, 3, '', '', 1, 23, 5, '2018-09-30 00:54:06'),
(49, '---', 'P20181217221339', 'fa41904e8d49cf63d4a50be204ca57ec.jpg', 1, 3, '', '', 0, 0, 5, '2018-09-30 00:54:06'),
(50, 'เป๊กทองเหลือง 1.5 นิ้ว', 'P20181217221337', '4a704a7ce22f7557c9bb0378fb908797.jpg', 1, 3, '', '', 1, 13, 5, '2018-09-30 00:54:06'),
(51, 'เป๊กทองเหลือง 2 นิ้ว', 'P20181217221336', '808b9cef70b1a28efb4c7ba748fd2273.jpg', 1, 3, '', '', 1, 32, 5, '2018-09-30 00:54:06'),
(52, 'เป๊ก-', 'P20181217221335', '89cfd1c01a571850c6d16d04839eec66.jpg', 1, 3, '', '', 1, 0, 5, '2018-09-30 00:54:06'),
(53, 'เป๊กทองเหลือง 3 นิ้ว', 'P20181217221333', '1ab8ea847f5657d4e8f45e2c138229c2.jpg', 1, 3, '', '', 1, 6, 5, '2018-09-30 00:54:06'),
(54, 'ผ้าหมึกพิมพ์ดีด', 'P20181217221332', 'ba32da40af17d7b33c06d2274bc16cce.jpg', 1, 3, '', '', 1, 3, 5, '2018-09-30 00:54:06'),
(55, 'แฟ้มแขวน', 'P20181217221331', '6f8fcbed749e80af8ebeb673dc9b7aaa.png', 1, 12, '', '', 1, 41, 5, '2018-09-30 00:54:06'),
(56, 'แฟ้มพลาสติกแบบห่วง', 'P20181217221329', '707b8917d22e5ee7f57a3be71031dfb6.jpg', 1, 12, '', '', 1, 4, 5, '2018-09-30 00:54:06'),
(57, 'แฟ้มอ่อน (ขนาดF4)', 'P20181217221328', '60972d87b18e85e67ce0557e6b880863.jpg', 1, 12, '', '', 1, 5, 5, '2018-09-30 00:54:06'),
(58, 'แฟ้มอ่อน (ขนาดA4)', 'P20181217221326', 'f15693ca00735325183f9ed2ff328f5f.jpg', 1, 12, '', '', 1, 4, 5, '2018-09-30 00:54:06'),
(59, 'แฟ้มสันแคบหนา 2 นิ้ว', 'P20181217221325', 'f598a12e61f66a40082dd7638e33510a.jpg', 1, 12, '', '', 1, 13, 5, '2018-09-30 00:54:06'),
(60, 'แฟ้มสันกว้างหนา 3 นิ้ว', 'P20181217221324', '7c3f4dc72d817e1e659e048d13b6e262.jpg', 1, 12, '', '', 1, 7, 5, '2018-09-30 00:54:06'),
(61, 'แฟ้มเสนอเซ็น', 'P20181217221322', '3a5456403188f13b34eb5255be517550.jpg', 1, 12, '', '', 1, 1, 5, '2018-09-30 00:54:06'),
(62, 'ไม้บรรทัด', 'P20181217221321', '43bd51ea2b20937fc42e6f097564b559.jpg', 1, 4, '', '', 1, 6, 5, '2018-09-30 00:54:06'),
(63, 'ยางลบ', 'P20181217221319', 'd1529501efab09868ca0b227ee065bd5.jpg', 1, 4, '', '', 1, 48, 5, '2018-09-30 00:54:06'),
(64, 'ลวดเสียบกระดาษ', 'P20181217221317', '442452744b1edc92e7db27cce7b3f368.jpg', 1, 3, '', '', 1, 92, 5, '2018-09-30 00:54:06'),
(65, 'ลวดเย็บกระดาษ No.10', 'P20181217221316', '29bef00fd2fc2a280025625eba91bb77.jpg', 1, 3, '', '', 1, 33, 5, '2018-09-30 00:54:06'),
(66, 'ลวดเย็บกระดาษ No.35', 'P20181217221314', '7a59afeff1af17aa011b11dd768bdf60.jpg', 1, 3, '', '', 1, 42, 5, '2018-09-30 00:54:06'),
(67, 'ลวดเย็บกระดาษ No. M8', 'P20181217221312', '1011c5429ccd8d6371ec6d651258875a.jpg', 1, 3, '', '', 1, 5, 5, '2018-09-30 00:54:06'),
(68, 'ลวดเย็บกระดาษ T3-10MB', 'P20181217221311', '222ef4de075a70c006e1ab26874df1a1.jpg', 1, 3, '', '', 1, 3, 5, '2018-09-30 00:54:06'),
(69, 'สก็อตเทปใส', 'P20181217221309', 'f7012b2159597645b273d67328063d7e.jpg', 1, 5, '', '', 1, 12, 5, '2018-09-30 00:54:06'),
(70, 'สมุดบันทึก 4/150 80p', 'P20181217221307', '2b7abc64dd264cf4e3cc35c00bd63c3a.jpg', 1, 13, '', '', 1, 3, 5, '2018-09-30 00:54:06'),
(71, 'สมุดบัญชีน้ำเงิน-ใหญ่', 'P20181217221305', '6fb619bacf52c364b19c84e7bf51870b.jpg', 1, 13, '', '', 1, 16, 5, '2018-09-30 00:54:06'),
(72, 'สมุดบัญชีน้ำเงิน-เล็ก', 'P20181217221303', '1c723968995fb0e488368c3b5cc41db0.jpg', 1, 13, '', '', 1, 22, 5, '2018-09-30 00:54:06'),
(73, 'หมึกเติมแท่นประทับตรา-สีดำ', 'P20181217221301', 'c0ed31e215dd6c0de3226e05822766cd.png', 1, 14, '', '', 1, 4, 5, '2018-09-30 00:54:06'),
(74, 'หมึกเติมแท่นประทับตรา-สีแดง', 'P20181217221259', 'fbd2ecffd68a294cf84734e56054f11d.jpg', 1, 14, '', '', 1, 7, 5, '2018-09-30 00:54:06'),
(75, 'หมึกเติมเครื่องรันนิ่ง', 'P20181217221257', '5243f333259494350823292f26a2429d.jpg', 1, 3, '', '', 1, 2, 5, '2018-09-30 00:54:06'),
(76, 'หมึกถ่ายเอกสารริโก้', 'P20181217221256', 'e52d8a9c7b19805ac34a570aaabd7364.jpg', 1, 3, '', '', 1, 3, 5, '2018-09-30 00:54:06'),
(77, 'หมึกเครื่องอัดสำเนา ริโก้ DX3443', 'P20181217221254', 'b9a1bd81548169fb6745f1fed6c6f50a.jpg', 1, 3, '', '', 1, 5, 5, '2018-09-30 00:54:06'),
(78, 'หมึกถ่ายเอกสาร kyocera tr-6329', 'P20181217221252', 'eb9fcb92d235a1c206c17678110dcf2d.jpg', 1, 3, '', '', 1, 1, 5, '2018-09-30 00:54:06'),
(79, 'เหล็กแทงสำนวน', 'P20181217221250', '5a2b214ef9e3a7998809203d3a7b0c00.jpg', 1, 4, '', '', 1, 4, 5, '2018-09-30 00:54:06'),
(80, 'ถ้วยกระดาษ', 'P20181217221248', '783a49f511a443e1cd6fe58cf07362e1.jpg', 4, 3, '', '', 1, 1, 5, '2018-09-30 00:54:06'),
(81, 'ถ่าน 2A', 'P20181217221246', '961cf215417f7937b82bd9b4d2ecadae.jpg', 4, 15, '', '', 1, 20, 5, '2018-09-30 00:54:06'),
(82, 'หมึกเลเซอร์ Brother 2280', 'P20181217221244', '4415303ce0def0d9113471c17c1abf02.jpg', 2, 3, '', '', 1, 2, 5, '2018-09-30 00:54:06'),
(83, 'ผงหมึกเลเซอร์ brother 2025', 'P20181217221242', 'ee6c9a0d712404a552d1ba0e15aac616.jpg', 2, 15, '', '', 1, 2, 5, '2018-09-30 00:54:06'),
(84, 'ผงหมึกเลเซอร์ brother 3250', 'P20181217221241', '1f0fbea0146b995a3fb8367a0620846f.jpg', 2, 3, '', '', 1, 1, 5, '2018-09-30 00:54:06'),
(85, 'ผงหมึกเลเซอร์ XEROX 3435', 'P20181217221239', '7a935e6b5308a3e65c165b95de6abb7f.png', 2, 3, '', '', 1, 2, 5, '2018-09-30 00:54:06'),
(86, 'หมึกพิมพ์samsung 3050 N', 'P20181217221238', '99f40309374fa9f1cd50cc5a9dbc3c96.jpg', 2, 3, '', '', 1, 0, 5, '2018-09-30 00:54:06'),
(87, 'หมึกพิมพ์ samsung ML-2250', 'P20181217221236', 'ea40a78d93ebd5bcb4ae4e9a9dd4afde.jpg', 2, 3, '', '', 1, 1, 5, '2018-09-30 00:54:06'),
(88, 'ตลับหมึกพิมพ์ CANNON HP 12A (Q2612AC)', 'P20181217221234', '6b94f30350b9be344e9bf2764d63ce9b.jpg', 2, 3, '', '', 1, 4, 5, '2018-09-30 00:54:06'),
(89, 'หมึกพิมพ์ OKI 391', 'P20181217221208', '3c19fa7d4bee991fc7acccebd8215a37.png', 2, 3, '', '', 1, 2, 5, '2018-09-30 00:54:06'),
(90, 'ตลับหมึกพิมพ์ HP 80A (CF280XC)', 'P20181217221206', '5a78e0011164217e13fad766e5cc7285.png', 2, 3, 'ใช้กับพริ้นเตอร์ HP LaserJet Pro 400 Printer M401d/M401dn', '', 1, 1, 5, '2018-09-30 00:54:06'),
(91, 'หมึกพิมพ์ HP 26A (CF226XC)', 'P20181217221205', 'd726ae682ac3e58fbbf12dd1d816718e.png', 2, 3, 'For Printer Model : LaserJet Pro: M402dn, M402dw, M402n, M426fdn, M426fdw', '', 1, 2, 5, '2018-09-30 00:54:06'),
(92, 'ตลับหมึกพิมพ์ samsung MLT-203U 203S 203E', 'P20181217221203', '8c6bd094f11c24380c82758a7d3efbb7.png', 2, 3, '', '', 1, 3, 5, '2018-09-30 00:54:06'),
(93, 'หมึกพิมพ์ cannon 328', 'P20181217221201', 'ceb24801ff5c78cfbb3006d71048ea99.jpg', 2, 3, '', '', 1, 1, 5, '2018-09-30 00:54:06'),
(94, 'หมึกพิมพ์ยี่ห้อ EPSON LQ-300', 'P20181217221200', 'b2705a67167c21b291f7fca5b8d357c7.jpg', 2, 3, '', '', 1, 1, 5, '2018-09-30 00:54:06'),
(95, 'หมึกชนิดเติม Brother (bk)', 'P20181217221158', '695bfee3726eea281f5c84cfa67b2ec1.jpg', 2, 14, '', '', 1, 3, 5, '2018-09-30 00:54:06'),
(96, 'หมึกชนิดเติม Brother (C)', 'P20181217221156', 'e7068448d4341dff2b14d740749f8214.png', 2, 14, '', '', 1, 3, 5, '2018-09-30 00:54:06'),
(97, 'หมึกชนิดเติม Brother (M)', 'P20181217221155', '4a7bab238344d240feadeb44e95ab002.png', 2, 14, '', '', 1, 3, 5, '2018-09-30 00:54:06'),
(98, 'หมึกชนิดเติม Brother (Y)', 'P20181217221153', '7e7e34d4ceb66c4484d995ad28ae3cd4.png', 2, 14, '', '', 1, 3, 5, '2018-09-30 00:54:06'),
(99, 'ปลั๊กไฟยาว 5 เมตร', 'P20181217221150', '7370f9035ba1fbd5848af80b8cde069a.jpg', 3, 4, '', '', 1, 0, 5, '2018-09-30 00:54:06'),
(100, 'ซองครุฑสีขาว', 'P20181217234150', 'db29df8de5041b33dec2eb1cec118027.jpg', 1, 6, '', '', 1, 500, 1, '2018-09-30 00:54:06'),
(101, 'ถ่าน 3A', 'P20181218104710', '8ed8b363ce76e0cab7ccc99ede3a0b19.jpg', 4, 15, '', '', 1, 16, 1, '2018-09-30 00:54:06'),
(102, 'หมึกเครื่องถ่ายเอกสาร Tyocera 2552ci (TK-8349K) สีดำ', 'P20181218114521', 'e3c5af01804478cdd696fe3158dd0540.jpg', 1, 3, '', '', 1, 2, 1, '2018-12-21 16:16:51'),
(103, 'หมึกเครื่องถ่ายเอกสาร Tyocera 2552ci (TK-8349C) สี Cyan ', 'P20181218115822', '89c59d00ac9c722bebc30d93128c6466.jpg', 1, 3, '', '', 1, 1, 1, '2018-12-21 15:50:58'),
(104, 'หมึกเครื่องถ่ายเอกสาร Tyocera 2552ci (TK-8349M) สี Magenta', 'P20181218115953', 'ad8668c72ddc7fb09a88abe3477d3aa7.jpg', 1, 3, '', '', 1, 1, 1, '2018-12-21 15:50:58'),
(105, 'หมึกเครื่องถ่ายเอกสาร Tyocera 2552ci (TK-8349Y) สี Yellow', 'P20181218120118', 'd75c903cc47e0bb102a8633e76bd0d77.jpg', 1, 3, '', '', 1, 1, 1, '2018-12-21 15:50:58'),
(106, 'หูสำนวน-อาญา', 'P20181221155630', '', 1, 17, '', '', 1, 300, 1, '2018-12-21 15:57:38'),
(107, 'หูสำนวน-แพ่ง', 'P20181221155649', '', 1, 17, '', '', 1, 300, 1, '2018-12-21 15:57:38');

-- --------------------------------------------------------

--
-- Table structure for table `product_catalog`
--

CREATE TABLE `product_catalog` (
  `id` int(11) NOT NULL,
  `name_catalog` varchar(255) COLLATE utf8_unicode_ci NOT NULL,
  `order` int(11) DEFAULT NULL,
  `detail_catalog` varchar(255) COLLATE utf8_unicode_ci DEFAULT NULL
) ENGINE=InnoDB DEFAULT CHARSET=utf8 COLLATE=utf8_unicode_ci;

--
-- Dumping data for table `product_catalog`
--

INSERT INTO `product_catalog` (`id`, `name_catalog`, `order`, `detail_catalog`) VALUES
(1, 'วัสดุสำนักงาน', 1, ''),
(2, 'วัสดุคอมพิวเตอร์', 2, ''),
(3, 'วัสดุไฟฟ้า', 3, ''),
(4, 'วัสดุงานบ้านงานครัว', 4, '');

-- --------------------------------------------------------

--
-- Table structure for table `product_unit`
--

CREATE TABLE `product_unit` (
  `id` int(11) NOT NULL,
  `name_unit` varchar(255) COLLATE utf8_unicode_ci NOT NULL,
  `detail_unit` varchar(255) COLLATE utf8_unicode_ci DEFAULT NULL
) ENGINE=InnoDB DEFAULT CHARSET=utf8 COLLATE=utf8_unicode_ci;

--
-- Dumping data for table `product_unit`
--

INSERT INTO `product_unit` (`id`, `name_unit`, `detail_unit`) VALUES
(1, 'รีม', NULL),
(2, 'ใบ', NULL),
(3, 'กล่อง', NULL),
(4, 'อัน', NULL),
(5, 'ม้วน', NULL),
(6, 'ซอง', NULL),
(7, 'แท่ง', NULL),
(8, 'ตลับ', NULL),
(9, 'ผืน', NULL),
(10, 'ด้าม', NULL),
(11, 'คู่', NULL),
(12, 'แฟ้ม', NULL),
(13, 'เล่ม', NULL),
(14, 'ขวด', NULL),
(15, 'ก้อน', NULL),
(16, 'ไม้', NULL),
(17, 'แผ่น', '');

-- --------------------------------------------------------

--
-- Table structure for table `receipt`
--

CREATE TABLE `receipt` (
  `id` int(11) NOT NULL,
  `receipt_code` varchar(32) COLLATE utf8_unicode_ci NOT NULL,
  `user_id` int(11) DEFAULT NULL,
  `receipt_from` varchar(255) COLLATE utf8_unicode_ci DEFAULT NULL,
  `sumtotal` float DEFAULT NULL,
  `status` int(11) DEFAULT NULL,
  `create_at` datetime DEFAULT NULL
) ENGINE=InnoDB DEFAULT CHARSET=utf8 COLLATE=utf8_unicode_ci;

--
-- Dumping data for table `receipt`
--

INSERT INTO `receipt` (`id`, `receipt_code`, `user_id`, `receipt_from`, `sumtotal`, `status`, `create_at`) VALUES
(5, 'R20181001005406', 23, NULL, 137468, 1, '2018-09-30 00:54:06'),
(6, 'R20181218120703', 23, NULL, 11500, 1, '2018-12-18 12:07:03'),
(9, 'R20181221154113', 23, NULL, 48524.5, 1, '2018-12-19 15:41:13'),
(10, 'R20181221155058', 23, NULL, 27285, 1, '2018-11-21 15:50:58'),
(11, 'R20181221155738', 23, NULL, 2400, 1, '2018-12-21 15:57:38');

-- --------------------------------------------------------

--
-- Table structure for table `receipt_list`
--

CREATE TABLE `receipt_list` (
  `id` int(11) NOT NULL,
  `receipt_code` varchar(32) COLLATE utf8_unicode_ci NOT NULL,
  `product_code` varchar(32) COLLATE utf8_unicode_ci DEFAULT NULL,
  `unit_price` float DEFAULT NULL,
  `quantity` int(11) DEFAULT NULL,
  `create_at` datetime DEFAULT NULL
) ENGINE=InnoDB DEFAULT CHARSET=utf8 COLLATE=utf8_unicode_ci;

--
-- Dumping data for table `receipt_list`
--

INSERT INTO `receipt_list` (`id`, `receipt_code`, `product_code`, `unit_price`, `quantity`, `create_at`) VALUES
(132, 'R20181001005406', 'P20181217225643', 115, 0, '2018-09-30 00:54:06'),
(133, 'R20181001005406', 'P20181217225649', 100, 1, '2018-09-30 00:54:06'),
(134, 'R20181001005406', 'P20181217225703', 95, 13, '2018-09-30 00:54:06'),
(135, 'R20181001005406', 'P20181217221146', 95, 0, '2018-09-30 00:54:06'),
(136, 'R20181001005406', 'P20181217221146', 100, 6, '2018-09-30 00:54:06'),
(137, 'R20181001005406', 'P20181217221459', 95, 42, '2018-09-30 00:54:06'),
(138, 'R20181001005406', 'P20181217221459', 100, 6, '2018-09-30 00:54:06'),
(139, 'R20181001005406', 'P20181217221456', 85, 1, '2018-09-30 00:54:06'),
(140, 'R20181001005406', 'P20181217221455', 69, 10, '2018-09-30 00:54:06'),
(141, 'R20181001005406', 'P20181217221453', 84, 0, '2018-09-30 00:54:06'),
(142, 'R20181001005406', 'P20181217221452', 72, 7, '2018-09-30 00:54:06'),
(143, 'R20181001005406', 'P20181217221450', 48, 6, '2018-09-30 00:54:06'),
(144, 'R20181001005406', 'P20181217221448', 36, 4, '2018-09-30 00:54:06'),
(145, 'R20181001005406', 'P20181217221446', 175, 3, '2018-09-30 00:54:06'),
(146, 'R20181001005406', 'P20181217221444', 750, 1, '2018-09-30 00:54:06'),
(147, 'R20181001005406', 'P20181217221442', 75, 7, '2018-09-30 00:54:06'),
(148, 'R20181001005406', 'P20181217221440', 325, 1, '2018-09-30 00:54:06'),
(149, 'R20181001005406', 'P20181217221437', 85, 1, '2018-09-30 00:54:06'),
(150, 'R20181001005406', 'P20181217221435', 380, 1, '2018-09-30 00:54:06'),
(151, 'R20181001005406', 'P20181217221433', 50, 0, '2018-09-30 00:54:06'),
(152, 'R20181001005406', 'P20181217221431', 35, 3, '2018-09-30 00:54:06'),
(153, 'R20181001005406', 'P20181217221429', 25, 16, '2018-09-30 00:54:06'),
(154, 'R20181001005406', 'P20181217234150', 0.7, 500, '2018-09-30 00:54:06'),
(155, 'R20181001005406', 'P20181217221426', 2, 0, '2018-09-30 00:54:06'),
(156, 'R20181001005406', 'P20181217221425', 1, 1600, '2018-09-30 00:54:06'),
(157, 'R20181001005406', 'P20181217221423', 5, 100, '2018-09-30 00:54:06'),
(158, 'R20181001005406', 'P20181217221422', 4, 30, '2018-09-30 00:54:06'),
(159, 'R20181001005406', 'P20181217221420', 5, 8, '2018-09-30 00:54:06'),
(160, 'R20181001005406', 'P20181217221418', 30, 3, '2018-09-30 00:54:06'),
(161, 'R20181001005406', 'P20181217221416', 35, 2, '2018-09-30 00:54:06'),
(162, 'R20181001005406', 'P20181217221415', 35, 2, '2018-09-30 00:54:06'),
(163, 'R20181001005406', 'P20181217221412', 28, 1, '2018-09-30 00:54:06'),
(164, 'R20181001005406', 'P20181217221410', 25, 29, '2018-09-30 00:54:06'),
(165, 'R20181001005406', 'P20181217221408', 75, 1, '2018-09-30 00:54:06'),
(166, 'R20181001005406', 'P20181217221406', 55, 0, '2018-09-30 00:54:06'),
(167, 'R20181001005406', 'P20181217221404', 100, 2, '2018-09-30 00:54:06'),
(168, 'R20181001005406', 'P20181217221402', 28, 6, '2018-09-30 00:54:06'),
(169, 'R20181001005406', 'P20181217221400', 220, 0, '2018-09-30 00:54:06'),
(170, 'R20181001005406', 'P20181217221357', 75, 13, '2018-09-30 00:54:06'),
(171, 'R20181001005406', 'P20181217221355', 5, 16, '2018-09-30 00:54:06'),
(172, 'R20181001005406', 'P20181217221353', 5, 35, '2018-09-30 00:54:06'),
(173, 'R20181001005406', 'P20181217221351', 5, 66, '2018-09-30 00:54:06'),
(174, 'R20181001005406', 'P20181217221350', 20, 0, '2018-09-30 00:54:06'),
(175, 'R20181001005406', 'P20181217221346', 16, 2, '2018-09-30 00:54:06'),
(176, 'R20181001005406', 'P20181217221346', 15, 3, '2018-09-30 00:54:06'),
(177, 'R20181001005406', 'P20181217221342', 16, 14, '2018-09-30 00:54:06'),
(178, 'R20181001005406', 'P20181217221342', 15, 1, '2018-09-30 00:54:06'),
(179, 'R20181001005406', 'P20181217221340', 45, 11, '2018-09-30 00:54:06'),
(180, 'R20181001005406', 'P20181217221340', 48, 12, '2018-09-30 00:54:06'),
(181, 'R20181001005406', 'P20181217221337', 70, 13, '2018-09-30 00:54:06'),
(182, 'R20181001005406', 'P20181217221336', 75, 20, '2018-09-30 00:54:06'),
(183, 'R20181001005406', 'P20181217221336', 80, 12, '2018-09-30 00:54:06'),
(184, 'R20181001005406', 'P20181217221333', 95, 6, '2018-09-30 00:54:06'),
(185, 'R20181001005406', 'P20181217221332', 75, 3, '2018-09-30 00:54:06'),
(186, 'R20181001005406', 'P20181217221331', 20, 41, '2018-09-30 00:54:06'),
(187, 'R20181001005406', 'P20181217221329', 60, 4, '2018-09-30 00:54:06'),
(188, 'R20181001005406', 'P20181217221328', 10, 5, '2018-09-30 00:54:06'),
(189, 'R20181001005406', 'P20181217221326', 10, 4, '2018-09-30 00:54:06'),
(190, 'R20181001005406', 'P20181217221325', 75, 13, '2018-09-30 00:54:06'),
(191, 'R20181001005406', 'P20181217221324', 75, 7, '2018-09-30 00:54:06'),
(192, 'R20181001005406', 'P20181217221322', 150, 1, '2018-09-30 00:54:06'),
(193, 'R20181001005406', 'P20181217221321', 5, 6, '2018-09-30 00:54:06'),
(194, 'R20181001005406', 'P20181217221319', 5, 48, '2018-09-30 00:54:06'),
(195, 'R20181001005406', 'P20181217221317', 10, 92, '2018-09-30 00:54:06'),
(196, 'R20181001005406', 'P20181217221316', 8, 33, '2018-09-30 00:54:06'),
(197, 'R20181001005406', 'P20181217221314', 7, 42, '2018-09-30 00:54:06'),
(198, 'R20181001005406', 'P20181217221312', 12, 5, '2018-09-30 00:54:06'),
(199, 'R20181001005406', 'P20181217221311', 35, 3, '2018-09-30 00:54:06'),
(200, 'R20181001005406', 'P20181217221309', 27, 12, '2018-09-30 00:54:06'),
(201, 'R20181001005406', 'P20181217221307', 220, 3, '2018-09-30 00:54:06'),
(202, 'R20181001005406', 'P20181217221305', 80, 16, '2018-09-30 00:54:06'),
(203, 'R20181001005406', 'P20181217221303', 65, 22, '2018-09-30 00:54:06'),
(204, 'R20181001005406', 'P20181217221301', 10, 4, '2018-09-30 00:54:06'),
(205, 'R20181001005406', 'P20181217221259', 35, 7, '2018-09-30 00:54:06'),
(206, 'R20181001005406', 'P20181217221257', 95, 2, '2018-09-30 00:54:06'),
(207, 'R20181001005406', 'P20181217221256', 2500, 3, '2018-09-30 00:54:06'),
(208, 'R20181001005406', 'P20181217221254', 550, 5, '2018-09-30 00:54:06'),
(209, 'R20181001005406', 'P20181217221252', 4900, 1, '2018-09-30 00:54:06'),
(210, 'R20181001005406', 'P20181217221250', 35, 4, '2018-09-30 00:54:06'),
(211, 'R20181001005406', 'P20181217221248', 1250, 1, '2018-09-30 00:54:06'),
(212, 'R20181001005406', 'P20181218104710', 22.5, 16, '2018-09-30 00:54:06'),
(213, 'R20181001005406', 'P20181217221246', 6, 20, '2018-09-30 00:54:06'),
(214, 'R20181001005406', 'P20181217221244', 2300, 2, '2018-09-30 00:54:06'),
(215, 'R20181001005406', 'P20181217221242', 2050, 2, '2018-09-30 00:54:06'),
(216, 'R20181001005406', 'P20181217221241', 5800, 1, '2018-09-30 00:54:06'),
(217, 'R20181001005406', 'P20181217221239', 4300, 2, '2018-09-30 00:54:06'),
(218, 'R20181001005406', 'P20181217221238', 5800, 0, '2018-09-30 00:54:06'),
(219, 'R20181001005406', 'P20181217221236', 4300, 1, '2018-09-30 00:54:06'),
(220, 'R20181001005406', 'P20181217221234', 2700, 0, '2018-09-30 00:54:06'),
(221, 'R20181001005406', 'P20181217221208', 350, 2, '2018-09-30 00:54:06'),
(222, 'R20181001005406', 'P20181217221206', 3750, 0, '2018-09-30 00:54:06'),
(223, 'R20181001005406', 'P20181217221205', 4150, 0, '2018-09-30 00:54:06'),
(224, 'R20181001005406', 'P20181217221203', 3700, 0, '2018-09-30 00:54:06'),
(225, 'R20181001005406', 'P20181217221201', 2550, 1, '2018-09-30 00:54:06'),
(226, 'R20181001005406', 'P20181217221200', 160, 1, '2018-09-30 00:54:06'),
(227, 'R20181001005406', 'P20181217221158', 280, 3, '2018-09-30 00:54:06'),
(228, 'R20181001005406', 'P20181217221156', 250, 3, '2018-09-30 00:54:06'),
(229, 'R20181001005406', 'P20181217221155', 250, 3, '2018-09-30 00:54:06'),
(230, 'R20181001005406', 'P20181217221153', 250, 3, '2018-09-30 00:54:06'),
(231, 'R20181001005406', 'P20181217221150', 550, 0, '2018-09-30 00:54:06'),
(236, 'R20181218120703', 'P20181217225643', 115, 75, '2018-12-18 12:07:03'),
(241, 'R20181221154113', 'P20181217221203', 5082.5, 3, '2018-12-19 15:41:13'),
(242, 'R20181221154113', 'P20181217221234', 2461, 4, '2018-12-19 15:41:13'),
(243, 'R20181221154113', 'P20181217221205', 4601, 2, '2018-12-19 15:41:13'),
(244, 'R20181221154113', 'P20181217221206', 4815, 1, '2018-12-19 15:41:13'),
(245, 'R20181221155058', 'P20181218114521', 3210, 2, '2018-11-21 15:50:58'),
(246, 'R20181221155058', 'P20181218120118', 5885, 1, '2018-11-21 15:50:58'),
(247, 'R20181221155058', 'P20181218115953', 5885, 1, '2018-11-21 15:50:58'),
(248, 'R20181221155058', 'P20181218115822', 5885, 1, '2018-11-21 15:50:58'),
(249, 'R20181221155738', 'P20181221155630', 4, 300, '2018-12-21 15:57:38'),
(250, 'R20181221155738', 'P20181221155649', 4, 300, '2018-12-21 15:57:38');

-- --------------------------------------------------------

--
-- Table structure for table `report_m`
--

CREATE TABLE `report_m` (
  `id` int(11) NOT NULL,
  `month` varchar(255) COLLATE utf8_unicode_ci DEFAULT NULL,
  `detail` varchar(255) COLLATE utf8_unicode_ci DEFAULT NULL,
  `create_at` datetime DEFAULT NULL
) ENGINE=InnoDB DEFAULT CHARSET=utf8 COLLATE=utf8_unicode_ci;

-- --------------------------------------------------------

--
-- Table structure for table `report_m_l`
--

CREATE TABLE `report_m_l` (
  `id` int(11) NOT NULL,
  `month` varchar(255) COLLATE utf8_unicode_ci DEFAULT NULL,
  `product_code` varchar(255) COLLATE utf8_unicode_ci DEFAULT NULL,
  `product_unit` varchar(255) COLLATE utf8_unicode_ci DEFAULT NULL,
  `kb` int(11) DEFAULT NULL,
  `r` int(11) DEFAULT NULL,
  `o` int(11) DEFAULT NULL,
  `k` int(11) DEFAULT NULL,
  `unit_price` float DEFAULT NULL,
  `total_price` float DEFAULT NULL,
  `detail` varchar(255) COLLATE utf8_unicode_ci DEFAULT NULL,
  `create_at` datetime DEFAULT NULL
) ENGINE=InnoDB DEFAULT CHARSET=utf8 COLLATE=utf8_unicode_ci;

--
-- Dumping data for table `report_m_l`
--

INSERT INTO `report_m_l` (`id`, `month`, `product_code`, `product_unit`, `kb`, `r`, `o`, `k`, `unit_price`, `total_price`, `detail`, `create_at`) VALUES
(8221, '201812', 'P20181217225643', 'รีม', 60, 100, 39, NULL, 115, NULL, NULL, '2018-12-26 15:42:16'),
(8222, '201812', 'P20181217225649', 'รีม', 3, NULL, 2, NULL, 100, NULL, NULL, '2018-12-26 15:42:16'),
(8223, '201812', 'P20181217225703', 'รีม', 16, NULL, 3, NULL, 95, NULL, NULL, '2018-12-26 15:42:16'),
(8224, '201812', 'P20181217221146', 'รีม', 8, NULL, 1, NULL, 95, NULL, NULL, '2018-12-26 15:42:16'),
(8225, '201812', 'P20181217221146', 'รีม', 8, NULL, 1, NULL, 100, NULL, NULL, '2018-12-26 15:42:16'),
(8226, '201812', 'P20181217221459', 'รีม', 90, NULL, NULL, NULL, 95, NULL, NULL, '2018-12-26 15:42:16'),
(8227, '201812', 'P20181217221459', 'รีม', 90, NULL, NULL, NULL, 100, NULL, NULL, '2018-12-26 15:42:16'),
(8228, '201812', 'P20181217221456', 'อัน', 1, NULL, NULL, NULL, 85, NULL, NULL, '2018-12-26 15:42:16'),
(8229, '201812', 'P20181217221455', 'อัน', 10, NULL, NULL, NULL, 69, NULL, NULL, '2018-12-26 15:42:16'),
(8230, '201812', 'P20181217221453', 'กล่อง', 1, NULL, NULL, NULL, 84, NULL, NULL, '2018-12-26 15:42:16'),
(8231, '201812', 'P20181217221452', 'กล่อง', 9, NULL, 1, NULL, 72, NULL, NULL, '2018-12-26 15:42:16'),
(8232, '201812', 'P20181217221450', 'กล่อง', 8, NULL, 1, NULL, 48, NULL, NULL, '2018-12-26 15:42:16'),
(8233, '201812', 'P20181217221448', 'กล่อง', 6, NULL, 1, NULL, 36, NULL, NULL, '2018-12-26 15:42:16'),
(8234, '201812', 'P20181217221446', 'อัน', 3, NULL, NULL, NULL, 175, NULL, NULL, '2018-12-26 15:42:16'),
(8235, '201812', 'P20181217221444', 'อัน', 1, NULL, NULL, NULL, 750, NULL, NULL, '2018-12-26 15:42:16'),
(8236, '201812', 'P20181217221442', 'อัน', 8, NULL, 1, NULL, 75, NULL, NULL, '2018-12-26 15:42:16'),
(8237, '201812', 'P20181217221440', 'อัน', 1, NULL, NULL, NULL, 325, NULL, NULL, '2018-12-26 15:42:16'),
(8238, '201812', 'P20181217221437', 'อัน', 1, NULL, NULL, NULL, 85, NULL, NULL, '2018-12-26 15:42:16'),
(8239, '201812', 'P20181217221435', 'อัน', 1, NULL, NULL, NULL, 380, NULL, NULL, '2018-12-26 15:42:16'),
(8240, '201812', 'P20181217221433', 'อัน', 1, NULL, 1, NULL, 50, NULL, NULL, '2018-12-26 15:42:16'),
(8241, '201812', 'P20181217221431', 'อัน', 4, NULL, 1, NULL, 35, NULL, NULL, '2018-12-26 15:42:16'),
(8242, '201812', 'P20181217221429', 'ม้วน', 21, NULL, NULL, NULL, 25, NULL, NULL, '2018-12-26 15:42:16'),
(8243, '201812', 'P20181217221426', 'ซอง', 150, NULL, 150, NULL, 2, NULL, NULL, '2018-12-26 15:42:16'),
(8244, '201812', 'P20181217221425', 'ซอง', 1750, NULL, 150, NULL, 1, NULL, NULL, '2018-12-26 15:42:16'),
(8245, '201812', 'P20181217221423', 'ซอง', 350, NULL, 250, NULL, 5, NULL, NULL, '2018-12-26 15:42:16'),
(8246, '201812', 'P20181217221422', 'แท่ง', 33, NULL, NULL, NULL, 4, NULL, NULL, '2018-12-26 15:42:16'),
(8247, '201812', 'P20181217221420', 'แท่ง', 8, NULL, NULL, NULL, 5, NULL, NULL, '2018-12-26 15:42:16'),
(8248, '201812', 'P20181217221418', 'ตลับ', 3, NULL, NULL, NULL, 30, NULL, NULL, '2018-12-26 15:42:16'),
(8249, '201812', 'P20181217221416', 'ตลับ', 3, NULL, NULL, NULL, 35, NULL, NULL, '2018-12-26 15:42:16'),
(8250, '201812', 'P20181217221415', 'ตลับ', 2, NULL, NULL, NULL, 35, NULL, NULL, '2018-12-26 15:42:16'),
(8251, '201812', 'P20181217221412', 'อัน', 1, NULL, NULL, NULL, 28, NULL, NULL, '2018-12-26 15:42:16'),
(8252, '201812', 'P20181217221410', 'ม้วน', 30, NULL, 1, NULL, 25, NULL, NULL, '2018-12-26 15:42:16'),
(8253, '201812', 'P20181217221408', 'ม้วน', 1, NULL, NULL, NULL, 75, NULL, NULL, '2018-12-26 15:42:16'),
(8254, '201812', 'P20181217221406', 'ม้วน', 1, NULL, NULL, NULL, 55, NULL, NULL, '2018-12-26 15:42:16'),
(8255, '201812', 'P20181217221404', 'ม้วน', 2, NULL, NULL, NULL, 100, NULL, NULL, '2018-12-26 15:42:16'),
(8256, '201812', 'P20181217221402', 'ม้วน', 10, NULL, 3, NULL, 28, NULL, NULL, '2018-12-26 15:42:16'),
(8257, '201812', 'P20181217221400', 'ม้วน', 1, NULL, NULL, NULL, 220, NULL, NULL, '2018-12-26 15:42:16'),
(8258, '201812', 'P20181217221357', 'อัน', 14, NULL, 1, NULL, 75, NULL, NULL, '2018-12-26 15:42:16'),
(8259, '201812', 'P20181217221355', 'ด้าม', 16, NULL, NULL, NULL, 5, NULL, NULL, '2018-12-26 15:42:16'),
(8260, '201812', 'P20181217221353', 'ด้าม', 36, NULL, 1, NULL, 5, NULL, NULL, '2018-12-26 15:42:16'),
(8261, '201812', 'P20181217221351', 'ด้าม', 73, NULL, 7, NULL, 5, NULL, NULL, '2018-12-26 15:42:16'),
(8262, '201812', 'P20181217221350', 'ด้าม', 2, NULL, 1, NULL, 20, NULL, NULL, '2018-12-26 15:42:16'),
(8263, '201812', 'P20181217221346', 'ด้าม', 7, NULL, NULL, NULL, 16, NULL, NULL, '2018-12-26 15:42:16'),
(8264, '201812', 'P20181217221346', 'ด้าม', 7, NULL, NULL, NULL, 15, NULL, NULL, '2018-12-26 15:42:16'),
(8265, '201812', 'P20181217221342', 'ด้าม', 29, NULL, NULL, NULL, 16, NULL, NULL, '2018-12-26 15:42:16'),
(8266, '201812', 'P20181217221342', 'ด้าม', 29, NULL, NULL, NULL, 15, NULL, NULL, '2018-12-26 15:42:16'),
(8267, '201812', 'P20181217221340', 'กล่อง', 34, NULL, NULL, NULL, 45, NULL, NULL, '2018-12-26 15:42:16'),
(8268, '201812', 'P20181217221340', 'กล่อง', 34, NULL, NULL, NULL, 48, NULL, NULL, '2018-12-26 15:42:16'),
(8269, '201812', 'P20181217221337', 'กล่อง', 18, NULL, NULL, NULL, 70, NULL, NULL, '2018-12-26 15:42:16'),
(8270, '201812', 'P20181217221336', 'กล่อง', 56, NULL, 2, NULL, 75, NULL, NULL, '2018-12-26 15:42:16'),
(8271, '201812', 'P20181217221336', 'กล่อง', 56, NULL, 2, NULL, 80, NULL, NULL, '2018-12-26 15:42:16'),
(8272, '201812', 'P20181217221333', 'กล่อง', 9, NULL, NULL, NULL, 95, NULL, NULL, '2018-12-26 15:42:16'),
(8273, '201812', 'P20181217221332', 'กล่อง', 3, NULL, NULL, NULL, 75, NULL, NULL, '2018-12-26 15:42:16'),
(8274, '201812', 'P20181217221331', 'แฟ้ม', 75, NULL, 30, NULL, 20, NULL, NULL, '2018-12-26 15:42:16'),
(8275, '201812', 'P20181217221329', 'แฟ้ม', 4, NULL, NULL, NULL, 60, NULL, NULL, '2018-12-26 15:42:16'),
(8276, '201812', 'P20181217221328', 'แฟ้ม', 11, NULL, NULL, NULL, 10, NULL, NULL, '2018-12-26 15:42:16'),
(8277, '201812', 'P20181217221326', 'แฟ้ม', 12, NULL, 2, NULL, 10, NULL, NULL, '2018-12-26 15:42:16'),
(8278, '201812', 'P20181217221325', 'แฟ้ม', 17, NULL, 4, NULL, 75, NULL, NULL, '2018-12-26 15:42:16'),
(8279, '201812', 'P20181217221324', 'แฟ้ม', 18, NULL, 11, NULL, 75, NULL, NULL, '2018-12-26 15:42:16'),
(8280, '201812', 'P20181217221322', 'แฟ้ม', 1, NULL, NULL, NULL, 150, NULL, NULL, '2018-12-26 15:42:16'),
(8281, '201812', 'P20181217221321', 'อัน', 7, NULL, 1, NULL, 5, NULL, NULL, '2018-12-26 15:42:16'),
(8282, '201812', 'P20181217221319', 'อัน', 48, NULL, NULL, NULL, 5, NULL, NULL, '2018-12-26 15:42:16'),
(8283, '201812', 'P20181217221317', 'กล่อง', 107, NULL, 15, NULL, 10, NULL, NULL, '2018-12-26 15:42:16'),
(8284, '201812', 'P20181217221316', 'กล่อง', 39, NULL, 3, NULL, 8, NULL, NULL, '2018-12-26 15:42:16'),
(8285, '201812', 'P20181217221314', 'กล่อง', 42, NULL, NULL, NULL, 7, NULL, NULL, '2018-12-26 15:42:16'),
(8286, '201812', 'P20181217221312', 'กล่อง', 16, NULL, 10, NULL, 12, NULL, NULL, '2018-12-26 15:42:16'),
(8287, '201812', 'P20181217221311', 'กล่อง', 3, NULL, NULL, NULL, 35, NULL, NULL, '2018-12-26 15:42:16'),
(8288, '201812', 'P20181217221309', 'ม้วน', 23, NULL, 3, NULL, 27, NULL, NULL, '2018-12-26 15:42:16'),
(8289, '201812', 'P20181217221307', 'เล่ม', 3, NULL, NULL, NULL, 220, NULL, NULL, '2018-12-26 15:42:16'),
(8290, '201812', 'P20181217221305', 'เล่ม', 16, NULL, NULL, NULL, 80, NULL, NULL, '2018-12-26 15:42:16'),
(8291, '201812', 'P20181217221303', 'เล่ม', 28, NULL, 4, NULL, 65, NULL, NULL, '2018-12-26 15:42:16'),
(8292, '201812', 'P20181217221301', 'ขวด', 4, NULL, NULL, NULL, 10, NULL, NULL, '2018-12-26 15:42:16'),
(8293, '201812', 'P20181217221259', 'ขวด', 7, NULL, NULL, NULL, 35, NULL, NULL, '2018-12-26 15:42:16'),
(8294, '201812', 'P20181217221257', 'กล่อง', 3, NULL, 1, NULL, 95, NULL, NULL, '2018-12-26 15:42:16'),
(8295, '201812', 'P20181217221256', 'กล่อง', 3, NULL, NULL, NULL, 2500, NULL, NULL, '2018-12-26 15:42:16'),
(8296, '201812', 'P20181217221254', 'กล่อง', 5, NULL, NULL, NULL, 550, NULL, NULL, '2018-12-26 15:42:16'),
(8297, '201812', 'P20181217221252', 'กล่อง', 1, NULL, NULL, NULL, 4900, NULL, NULL, '2018-12-26 15:42:16'),
(8298, '201812', 'P20181217221250', 'อัน', 4, NULL, NULL, NULL, 35, NULL, NULL, '2018-12-26 15:42:16'),
(8299, '201812', 'P20181217221248', 'กล่อง', 1, NULL, NULL, NULL, 1250, NULL, NULL, '2018-12-26 15:42:16'),
(8300, '201812', 'P20181217221246', 'ก้อน', 40, NULL, 20, NULL, 6, NULL, NULL, '2018-12-26 15:42:16'),
(8301, '201812', 'P20181217221244', 'กล่อง', 3, NULL, 1, NULL, 2300, NULL, NULL, '2018-12-26 15:42:16'),
(8302, '201812', 'P20181217221242', 'ก้อน', 2, NULL, NULL, NULL, 2050, NULL, NULL, '2018-12-26 15:42:16'),
(8303, '201812', 'P20181217221241', 'กล่อง', 1, NULL, NULL, NULL, 5800, NULL, NULL, '2018-12-26 15:42:16'),
(8304, '201812', 'P20181217221239', 'กล่อง', 2, NULL, NULL, NULL, 4300, NULL, NULL, '2018-12-26 15:42:16'),
(8305, '201812', 'P20181217221238', 'กล่อง', 2, NULL, 2, NULL, 5800, NULL, NULL, '2018-12-26 15:42:16'),
(8306, '201812', 'P20181217221236', 'กล่อง', 1, NULL, NULL, NULL, 4300, NULL, NULL, '2018-12-26 15:42:16'),
(8307, '201812', 'P20181217221234', 'กล่อง', 2, 4, 1, NULL, 2700, NULL, NULL, '2018-12-26 15:42:16'),
(8308, '201812', 'P20181217221234', 'กล่อง', 2, 4, 1, NULL, 2461, NULL, NULL, '2018-12-26 15:42:16'),
(8309, '201812', 'P20181217221208', 'กล่อง', 4, NULL, NULL, NULL, 350, NULL, NULL, '2018-12-26 15:42:16'),
(8310, '201812', 'P20181217221206', 'กล่อง', 1, 2, 2, NULL, 3750, NULL, NULL, '2018-12-26 15:42:16'),
(8311, '201812', 'P20181217221206', 'กล่อง', 1, 2, 2, NULL, 4815, NULL, NULL, '2018-12-26 15:42:16'),
(8312, '201812', 'P20181217221205', 'กล่อง', 3, 2, 3, NULL, 4150, NULL, NULL, '2018-12-26 15:42:16'),
(8313, '201812', 'P20181217221205', 'กล่อง', 3, 2, 3, NULL, 4601, NULL, NULL, '2018-12-26 15:42:16'),
(8314, '201812', 'P20181217221203', 'กล่อง', 2, 2, 2, NULL, 3700, NULL, NULL, '2018-12-26 15:42:16'),
(8315, '201812', 'P20181217221203', 'กล่อง', 2, 2, 2, NULL, 5082.5, NULL, NULL, '2018-12-26 15:42:16'),
(8316, '201812', 'P20181217221201', 'กล่อง', 1, NULL, NULL, NULL, 2550, NULL, NULL, '2018-12-26 15:42:16'),
(8317, '201812', 'P20181217221200', 'กล่อง', 1, NULL, NULL, NULL, 160, NULL, NULL, '2018-12-26 15:42:16'),
(8318, '201812', 'P20181217221158', 'ขวด', 3, NULL, NULL, NULL, 280, NULL, NULL, '2018-12-26 15:42:16'),
(8319, '201812', 'P20181217221156', 'ขวด', 3, NULL, NULL, NULL, 250, NULL, NULL, '2018-12-26 15:42:16'),
(8320, '201812', 'P20181217221155', 'ขวด', 3, NULL, NULL, NULL, 250, NULL, NULL, '2018-12-26 15:42:16'),
(8321, '201812', 'P20181217221153', 'ขวด', 3, NULL, NULL, NULL, 250, NULL, NULL, '2018-12-26 15:42:16'),
(8322, '201812', 'P20181217221150', 'อัน', 1, NULL, 1, NULL, 550, NULL, NULL, '2018-12-26 15:42:16'),
(8323, '201812', 'P20181217234150', 'ซอง', NULL, NULL, NULL, NULL, 0.7, NULL, NULL, '2018-12-26 15:42:16'),
(8324, '201812', 'P20181218104710', 'ก้อน', 34, NULL, NULL, NULL, 22.5, NULL, NULL, '2018-12-26 15:42:16'),
(8325, '201812', 'P20181218114521', 'กล่อง', 3, NULL, 1, NULL, 3210, NULL, NULL, '2018-12-26 15:42:16'),
(8326, '201812', 'P20181218115822', 'กล่อง', 1, NULL, NULL, NULL, 5885, NULL, NULL, '2018-12-26 15:42:16'),
(8327, '201812', 'P20181218115953', 'กล่อง', 1, NULL, NULL, NULL, 5885, NULL, NULL, '2018-12-26 15:42:16'),
(8328, '201812', 'P20181218120118', 'กล่อง', 1, NULL, NULL, NULL, 5885, NULL, NULL, '2018-12-26 15:42:16'),
(8329, '201812', 'P20181221155630', 'แผ่น', NULL, 300, NULL, NULL, 4, NULL, NULL, '2018-12-26 15:42:16'),
(8330, '201812', 'P20181221155649', 'แผ่น', NULL, 300, NULL, NULL, 4, NULL, NULL, '2018-12-26 15:42:16'),
(8331, '201811', 'P20181217225643', 'รีม', 60, NULL, 16, NULL, 115, NULL, NULL, '2018-12-26 15:46:40'),
(8332, '201811', 'P20181217225649', 'รีม', 3, NULL, NULL, NULL, 100, NULL, NULL, '2018-12-26 15:46:40'),
(8333, '201811', 'P20181217225703', 'รีม', 16, NULL, NULL, NULL, 95, NULL, NULL, '2018-12-26 15:46:40'),
(8334, '201811', 'P20181217221146', 'รีม', 8, NULL, NULL, NULL, 95, NULL, NULL, '2018-12-26 15:46:40'),
(8335, '201811', 'P20181217221146', 'รีม', 8, NULL, NULL, NULL, 100, NULL, NULL, '2018-12-26 15:46:40'),
(8336, '201811', 'P20181217221459', 'รีม', 90, NULL, NULL, NULL, 95, NULL, NULL, '2018-12-26 15:46:40'),
(8337, '201811', 'P20181217221459', 'รีม', 90, NULL, NULL, NULL, 100, NULL, NULL, '2018-12-26 15:46:40'),
(8338, '201811', 'P20181217221456', 'อัน', 1, NULL, NULL, NULL, 85, NULL, NULL, '2018-12-26 15:46:40'),
(8339, '201811', 'P20181217221455', 'อัน', 10, NULL, NULL, NULL, 69, NULL, NULL, '2018-12-26 15:46:40'),
(8340, '201811', 'P20181217221453', 'กล่อง', 1, NULL, 1, NULL, 84, NULL, NULL, '2018-12-26 15:46:40'),
(8341, '201811', 'P20181217221452', 'กล่อง', 9, NULL, 1, NULL, 72, NULL, NULL, '2018-12-26 15:46:40'),
(8342, '201811', 'P20181217221450', 'กล่อง', 8, NULL, 1, NULL, 48, NULL, NULL, '2018-12-26 15:46:40'),
(8343, '201811', 'P20181217221448', 'กล่อง', 6, NULL, 1, NULL, 36, NULL, NULL, '2018-12-26 15:46:40'),
(8344, '201811', 'P20181217221446', 'อัน', 3, NULL, NULL, NULL, 175, NULL, NULL, '2018-12-26 15:46:40'),
(8345, '201811', 'P20181217221444', 'อัน', 1, NULL, NULL, NULL, 750, NULL, NULL, '2018-12-26 15:46:40'),
(8346, '201811', 'P20181217221442', 'อัน', 8, NULL, NULL, NULL, 75, NULL, NULL, '2018-12-26 15:46:40'),
(8347, '201811', 'P20181217221440', 'อัน', 1, NULL, NULL, NULL, 325, NULL, NULL, '2018-12-26 15:46:40'),
(8348, '201811', 'P20181217221437', 'อัน', 1, NULL, NULL, NULL, 85, NULL, NULL, '2018-12-26 15:46:40'),
(8349, '201811', 'P20181217221435', 'อัน', 1, NULL, NULL, NULL, 380, NULL, NULL, '2018-12-26 15:46:40'),
(8350, '201811', 'P20181217221433', 'อัน', 1, NULL, NULL, NULL, 50, NULL, NULL, '2018-12-26 15:46:40'),
(8351, '201811', 'P20181217221431', 'อัน', 4, NULL, NULL, NULL, 35, NULL, NULL, '2018-12-26 15:46:40'),
(8352, '201811', 'P20181217221429', 'ม้วน', 21, NULL, 5, NULL, 25, NULL, NULL, '2018-12-26 15:46:40'),
(8353, '201811', 'P20181217221426', 'ซอง', 150, NULL, NULL, NULL, 2, NULL, NULL, '2018-12-26 15:46:40'),
(8354, '201811', 'P20181217221425', 'ซอง', 1750, NULL, NULL, NULL, 1, NULL, NULL, '2018-12-26 15:46:40'),
(8355, '201811', 'P20181217221423', 'ซอง', 350, NULL, NULL, NULL, 5, NULL, NULL, '2018-12-26 15:46:40'),
(8356, '201811', 'P20181217221422', 'แท่ง', 33, NULL, 3, NULL, 4, NULL, NULL, '2018-12-26 15:46:40'),
(8357, '201811', 'P20181217221420', 'แท่ง', 8, NULL, NULL, NULL, 5, NULL, NULL, '2018-12-26 15:46:40'),
(8358, '201811', 'P20181217221418', 'ตลับ', 3, NULL, NULL, NULL, 30, NULL, NULL, '2018-12-26 15:46:40'),
(8359, '201811', 'P20181217221416', 'ตลับ', 3, NULL, 1, NULL, 35, NULL, NULL, '2018-12-26 15:46:40'),
(8360, '201811', 'P20181217221415', 'ตลับ', 2, NULL, NULL, NULL, 35, NULL, NULL, '2018-12-26 15:46:40'),
(8361, '201811', 'P20181217221412', 'อัน', 1, NULL, NULL, NULL, 28, NULL, NULL, '2018-12-26 15:46:40'),
(8362, '201811', 'P20181217221410', 'ม้วน', 30, NULL, NULL, NULL, 25, NULL, NULL, '2018-12-26 15:46:40'),
(8363, '201811', 'P20181217221408', 'ม้วน', 1, NULL, NULL, NULL, 75, NULL, NULL, '2018-12-26 15:46:40'),
(8364, '201811', 'P20181217221406', 'ม้วน', 1, NULL, 1, NULL, 55, NULL, NULL, '2018-12-26 15:46:40'),
(8365, '201811', 'P20181217221404', 'ม้วน', 2, NULL, NULL, NULL, 100, NULL, NULL, '2018-12-26 15:46:40'),
(8366, '201811', 'P20181217221402', 'ม้วน', 10, NULL, NULL, NULL, 28, NULL, NULL, '2018-12-26 15:46:40'),
(8367, '201811', 'P20181217221400', 'ม้วน', 1, NULL, NULL, NULL, 220, NULL, NULL, '2018-12-26 15:46:40'),
(8368, '201811', 'P20181217221357', 'อัน', 14, NULL, NULL, NULL, 75, NULL, NULL, '2018-12-26 15:46:40'),
(8369, '201811', 'P20181217221355', 'ด้าม', 16, NULL, NULL, NULL, 5, NULL, NULL, '2018-12-26 15:46:40'),
(8370, '201811', 'P20181217221353', 'ด้าม', 36, NULL, NULL, NULL, 5, NULL, NULL, '2018-12-26 15:46:40'),
(8371, '201811', 'P20181217221351', 'ด้าม', 73, NULL, NULL, NULL, 5, NULL, NULL, '2018-12-26 15:46:40'),
(8372, '201811', 'P20181217221350', 'ด้าม', 2, NULL, 1, NULL, 20, NULL, NULL, '2018-12-26 15:46:40'),
(8373, '201811', 'P20181217221346', 'ด้าม', 7, NULL, NULL, NULL, 16, NULL, NULL, '2018-12-26 15:46:40'),
(8374, '201811', 'P20181217221346', 'ด้าม', 7, NULL, NULL, NULL, 15, NULL, NULL, '2018-12-26 15:46:40'),
(8375, '201811', 'P20181217221342', 'ด้าม', 29, NULL, NULL, NULL, 16, NULL, NULL, '2018-12-26 15:46:40'),
(8376, '201811', 'P20181217221342', 'ด้าม', 29, NULL, NULL, NULL, 15, NULL, NULL, '2018-12-26 15:46:40'),
(8377, '201811', 'P20181217221340', 'กล่อง', 34, NULL, NULL, NULL, 45, NULL, NULL, '2018-12-26 15:46:40'),
(8378, '201811', 'P20181217221340', 'กล่อง', 34, NULL, NULL, NULL, 48, NULL, NULL, '2018-12-26 15:46:40'),
(8379, '201811', 'P20181217221337', 'กล่อง', 18, NULL, 5, NULL, 70, NULL, NULL, '2018-12-26 15:46:40'),
(8380, '201811', 'P20181217221336', 'กล่อง', 56, NULL, NULL, NULL, 75, NULL, NULL, '2018-12-26 15:46:40'),
(8381, '201811', 'P20181217221336', 'กล่อง', 56, NULL, NULL, NULL, 80, NULL, NULL, '2018-12-26 15:46:40'),
(8382, '201811', 'P20181217221333', 'กล่อง', 9, NULL, 3, NULL, 95, NULL, NULL, '2018-12-26 15:46:40'),
(8383, '201811', 'P20181217221332', 'กล่อง', 3, NULL, NULL, NULL, 75, NULL, NULL, '2018-12-26 15:46:40'),
(8384, '201811', 'P20181217221331', 'แฟ้ม', 75, NULL, 4, NULL, 20, NULL, NULL, '2018-12-26 15:46:40'),
(8385, '201811', 'P20181217221329', 'แฟ้ม', 4, NULL, NULL, NULL, 60, NULL, NULL, '2018-12-26 15:46:40'),
(8386, '201811', 'P20181217221328', 'แฟ้ม', 11, NULL, 6, NULL, 10, NULL, NULL, '2018-12-26 15:46:40'),
(8387, '201811', 'P20181217221326', 'แฟ้ม', 12, NULL, 6, NULL, 10, NULL, NULL, '2018-12-26 15:46:40'),
(8388, '201811', 'P20181217221325', 'แฟ้ม', 17, NULL, NULL, NULL, 75, NULL, NULL, '2018-12-26 15:46:40'),
(8389, '201811', 'P20181217221324', 'แฟ้ม', 18, NULL, NULL, NULL, 75, NULL, NULL, '2018-12-26 15:46:40'),
(8390, '201811', 'P20181217221322', 'แฟ้ม', 1, NULL, NULL, NULL, 150, NULL, NULL, '2018-12-26 15:46:40'),
(8391, '201811', 'P20181217221321', 'อัน', 7, NULL, NULL, NULL, 5, NULL, NULL, '2018-12-26 15:46:40'),
(8392, '201811', 'P20181217221319', 'อัน', 48, NULL, NULL, NULL, 5, NULL, NULL, '2018-12-26 15:46:40'),
(8393, '201811', 'P20181217221317', 'กล่อง', 107, NULL, NULL, NULL, 10, NULL, NULL, '2018-12-26 15:46:40'),
(8394, '201811', 'P20181217221316', 'กล่อง', 39, NULL, 3, NULL, 8, NULL, NULL, '2018-12-26 15:46:40'),
(8395, '201811', 'P20181217221314', 'กล่อง', 42, NULL, NULL, NULL, 7, NULL, NULL, '2018-12-26 15:46:40'),
(8396, '201811', 'P20181217221312', 'กล่อง', 16, NULL, NULL, NULL, 12, NULL, NULL, '2018-12-26 15:46:40'),
(8397, '201811', 'P20181217221311', 'กล่อง', 3, NULL, NULL, NULL, 35, NULL, NULL, '2018-12-26 15:46:40'),
(8398, '201811', 'P20181217221309', 'ม้วน', 23, NULL, 6, NULL, 27, NULL, NULL, '2018-12-26 15:46:40'),
(8399, '201811', 'P20181217221307', 'เล่ม', 3, NULL, NULL, NULL, 220, NULL, NULL, '2018-12-26 15:46:40'),
(8400, '201811', 'P20181217221305', 'เล่ม', 16, NULL, NULL, NULL, 80, NULL, NULL, '2018-12-26 15:46:40'),
(8401, '201811', 'P20181217221303', 'เล่ม', 28, NULL, 1, NULL, 65, NULL, NULL, '2018-12-26 15:46:40'),
(8402, '201811', 'P20181217221301', 'ขวด', 4, NULL, NULL, NULL, 10, NULL, NULL, '2018-12-26 15:46:40'),
(8403, '201811', 'P20181217221259', 'ขวด', 7, NULL, NULL, NULL, 35, NULL, NULL, '2018-12-26 15:46:40'),
(8404, '201811', 'P20181217221257', 'กล่อง', 3, NULL, NULL, NULL, 95, NULL, NULL, '2018-12-26 15:46:40'),
(8405, '201811', 'P20181217221256', 'กล่อง', 3, NULL, NULL, NULL, 2500, NULL, NULL, '2018-12-26 15:46:40'),
(8406, '201811', 'P20181217221254', 'กล่อง', 5, NULL, NULL, NULL, 550, NULL, NULL, '2018-12-26 15:46:40'),
(8407, '201811', 'P20181217221252', 'กล่อง', 1, NULL, NULL, NULL, 4900, NULL, NULL, '2018-12-26 15:46:40'),
(8408, '201811', 'P20181217221250', 'อัน', 4, NULL, NULL, NULL, 35, NULL, NULL, '2018-12-26 15:46:40'),
(8409, '201811', 'P20181217221248', 'กล่อง', 1, NULL, NULL, NULL, 1250, NULL, NULL, '2018-12-26 15:46:40'),
(8410, '201811', 'P20181217221246', 'ก้อน', 40, NULL, NULL, NULL, 6, NULL, NULL, '2018-12-26 15:46:40'),
(8411, '201811', 'P20181217221244', 'กล่อง', 3, NULL, NULL, NULL, 2300, NULL, NULL, '2018-12-26 15:46:40'),
(8412, '201811', 'P20181217221242', 'ก้อน', 2, NULL, NULL, NULL, 2050, NULL, NULL, '2018-12-26 15:46:40'),
(8413, '201811', 'P20181217221241', 'กล่อง', 1, NULL, NULL, NULL, 5800, NULL, NULL, '2018-12-26 15:46:40'),
(8414, '201811', 'P20181217221239', 'กล่อง', 2, NULL, NULL, NULL, 4300, NULL, NULL, '2018-12-26 15:46:40'),
(8415, '201811', 'P20181217221238', 'กล่อง', 2, NULL, NULL, NULL, 5800, NULL, NULL, '2018-12-26 15:46:40'),
(8416, '201811', 'P20181217221236', 'กล่อง', 1, NULL, NULL, NULL, 4300, NULL, NULL, '2018-12-26 15:46:40'),
(8417, '201811', 'P20181217221234', 'กล่อง', 2, NULL, 1, NULL, 2700, NULL, NULL, '2018-12-26 15:46:40'),
(8418, '201811', 'P20181217221234', 'กล่อง', 2, NULL, 1, NULL, 2461, NULL, NULL, '2018-12-26 15:46:40'),
(8419, '201811', 'P20181217221208', 'กล่อง', 4, NULL, 2, NULL, 350, NULL, NULL, '2018-12-26 15:46:40'),
(8420, '201811', 'P20181217221206', 'กล่อง', 1, NULL, NULL, NULL, 3750, NULL, NULL, '2018-12-26 15:46:40'),
(8421, '201811', 'P20181217221206', 'กล่อง', 1, NULL, NULL, NULL, 4815, NULL, NULL, '2018-12-26 15:46:40'),
(8422, '201811', 'P20181217221205', 'กล่อง', 3, NULL, 1, NULL, 4150, NULL, NULL, '2018-12-26 15:46:40'),
(8423, '201811', 'P20181217221205', 'กล่อง', 3, NULL, 1, NULL, 4601, NULL, NULL, '2018-12-26 15:46:40'),
(8424, '201811', 'P20181217221203', 'กล่อง', 2, NULL, NULL, NULL, 3700, NULL, NULL, '2018-12-26 15:46:40'),
(8425, '201811', 'P20181217221203', 'กล่อง', 2, NULL, NULL, NULL, 5082.5, NULL, NULL, '2018-12-26 15:46:40'),
(8426, '201811', 'P20181217221201', 'กล่อง', 1, NULL, NULL, NULL, 2550, NULL, NULL, '2018-12-26 15:46:40'),
(8427, '201811', 'P20181217221200', 'กล่อง', 1, NULL, NULL, NULL, 160, NULL, NULL, '2018-12-26 15:46:40'),
(8428, '201811', 'P20181217221158', 'ขวด', 3, NULL, NULL, NULL, 280, NULL, NULL, '2018-12-26 15:46:40'),
(8429, '201811', 'P20181217221156', 'ขวด', 3, NULL, NULL, NULL, 250, NULL, NULL, '2018-12-26 15:46:40'),
(8430, '201811', 'P20181217221155', 'ขวด', 3, NULL, NULL, NULL, 250, NULL, NULL, '2018-12-26 15:46:40'),
(8431, '201811', 'P20181217221153', 'ขวด', 3, NULL, NULL, NULL, 250, NULL, NULL, '2018-12-26 15:46:40'),
(8634, '201810', 'P20181217225643', 'รีม', 30, NULL, NULL, NULL, 115, NULL, NULL, '2018-12-26 16:05:00'),
(8635, '201810', 'P20181217225649', 'รีม', 3, NULL, NULL, NULL, 100, NULL, NULL, '2018-12-26 16:05:00'),
(8636, '201810', 'P20181217225703', 'รีม', 16, NULL, NULL, NULL, 95, NULL, NULL, '2018-12-26 16:05:00'),
(8637, '201810', 'P20181217221146', 'รีม', 1, NULL, NULL, NULL, 95, NULL, NULL, '2018-12-26 16:05:00'),
(8638, '201810', 'P20181217221146', 'รีม', 6, NULL, NULL, NULL, 100, NULL, NULL, '2018-12-26 16:05:00'),
(8639, '201810', 'P20181217221459', 'รีม', 42, NULL, NULL, NULL, 95, NULL, NULL, '2018-12-26 16:05:00'),
(8640, '201810', 'P20181217221459', 'รีม', 6, NULL, NULL, NULL, 100, NULL, NULL, '2018-12-26 16:05:00'),
(8641, '201810', 'P20181217221456', 'อัน', 1, NULL, NULL, NULL, 85, NULL, NULL, '2018-12-26 16:05:00'),
(8642, '201810', 'P20181217221455', 'อัน', 10, NULL, NULL, NULL, 69, NULL, NULL, '2018-12-26 16:05:00'),
(8643, '201810', 'P20181217221453', 'กล่อง', 1, NULL, NULL, NULL, 84, NULL, NULL, '2018-12-26 16:05:00'),
(8644, '201810', 'P20181217221452', 'กล่อง', 9, NULL, NULL, NULL, 72, NULL, NULL, '2018-12-26 16:05:00'),
(8645, '201810', 'P20181217221450', 'กล่อง', 8, NULL, NULL, NULL, 48, NULL, NULL, '2018-12-26 16:05:00'),
(8646, '201810', 'P20181217221448', 'กล่อง', 6, NULL, NULL, NULL, 36, NULL, NULL, '2018-12-26 16:05:00'),
(8647, '201810', 'P20181217221446', 'อัน', 3, NULL, NULL, NULL, 175, NULL, NULL, '2018-12-26 16:05:00'),
(8648, '201810', 'P20181217221444', 'อัน', 1, NULL, NULL, NULL, 750, NULL, NULL, '2018-12-26 16:05:00'),
(8649, '201810', 'P20181217221442', 'อัน', 8, NULL, NULL, NULL, 75, NULL, NULL, '2018-12-26 16:05:00'),
(8650, '201810', 'P20181217221440', 'อัน', 1, NULL, NULL, NULL, 325, NULL, NULL, '2018-12-26 16:05:00'),
(8651, '201810', 'P20181217221437', 'อัน', 1, NULL, NULL, NULL, 85, NULL, NULL, '2018-12-26 16:05:00'),
(8652, '201810', 'P20181217221435', 'อัน', 1, NULL, NULL, NULL, 380, NULL, NULL, '2018-12-26 16:05:00'),
(8653, '201810', 'P20181217221433', 'อัน', 1, NULL, NULL, NULL, 50, NULL, NULL, '2018-12-26 16:05:00'),
(8654, '201810', 'P20181217221431', 'อัน', 4, NULL, NULL, NULL, 35, NULL, NULL, '2018-12-26 16:05:00'),
(8655, '201810', 'P20181217221429', 'ม้วน', 21, NULL, NULL, NULL, 25, NULL, NULL, '2018-12-26 16:05:00'),
(8656, '201810', 'P20181217221426', 'ซอง', 150, NULL, NULL, NULL, 2, NULL, NULL, '2018-12-26 16:05:00'),
(8657, '201810', 'P20181217221425', 'ซอง', 1750, NULL, NULL, NULL, 1, NULL, NULL, '2018-12-26 16:05:00'),
(8658, '201810', 'P20181217221423', 'ซอง', 350, NULL, NULL, NULL, 5, NULL, NULL, '2018-12-26 16:05:00'),
(8659, '201810', 'P20181217221422', 'แท่ง', 33, NULL, NULL, NULL, 4, NULL, NULL, '2018-12-26 16:05:00'),
(8660, '201810', 'P20181217221420', 'แท่ง', 8, NULL, NULL, NULL, 5, NULL, NULL, '2018-12-26 16:05:00'),
(8661, '201810', 'P20181217221418', 'ตลับ', 3, NULL, NULL, NULL, 30, NULL, NULL, '2018-12-26 16:05:00'),
(8662, '201810', 'P20181217221416', 'ตลับ', 3, NULL, NULL, NULL, 35, NULL, NULL, '2018-12-26 16:05:00'),
(8663, '201810', 'P20181217221415', 'ตลับ', 2, NULL, NULL, NULL, 35, NULL, NULL, '2018-12-26 16:05:00'),
(8664, '201810', 'P20181217221412', 'อัน', 1, NULL, NULL, NULL, 28, NULL, NULL, '2018-12-26 16:05:00'),
(8665, '201810', 'P20181217221410', 'ม้วน', 30, NULL, NULL, NULL, 25, NULL, NULL, '2018-12-26 16:05:00'),
(8666, '201810', 'P20181217221408', 'ม้วน', 1, NULL, NULL, NULL, 75, NULL, NULL, '2018-12-26 16:05:00'),
(8667, '201810', 'P20181217221406', 'ม้วน', 1, NULL, NULL, NULL, 55, NULL, NULL, '2018-12-26 16:05:00'),
(8668, '201810', 'P20181217221404', 'ม้วน', 2, NULL, NULL, NULL, 100, NULL, NULL, '2018-12-26 16:05:00'),
(8669, '201810', 'P20181217221402', 'ม้วน', 10, NULL, 1, NULL, 28, NULL, NULL, '2018-12-26 16:05:00'),
(8670, '201810', 'P20181217221400', 'ม้วน', 1, NULL, 1, NULL, 220, NULL, NULL, '2018-12-26 16:05:00'),
(8671, '201810', 'P20181217221357', 'อัน', 14, NULL, NULL, NULL, 75, NULL, NULL, '2018-12-26 16:05:00'),
(8672, '201810', 'P20181217221355', 'ด้าม', 16, NULL, NULL, NULL, 5, NULL, NULL, '2018-12-26 16:05:00'),
(8673, '201810', 'P20181217221353', 'ด้าม', 36, NULL, NULL, NULL, 5, NULL, NULL, '2018-12-26 16:05:00'),
(8674, '201810', 'P20181217221351', 'ด้าม', 73, NULL, NULL, NULL, 5, NULL, NULL, '2018-12-26 16:05:00'),
(8675, '201810', 'P20181217221350', 'ด้าม', 2, NULL, NULL, NULL, 20, NULL, NULL, '2018-12-26 16:05:00'),
(8676, '201810', 'P20181217221346', 'ด้าม', 2, NULL, NULL, NULL, 16, NULL, NULL, '2018-12-26 16:05:00'),
(8677, '201810', 'P20181217221346', 'ด้าม', 3, NULL, NULL, NULL, 15, NULL, NULL, '2018-12-26 16:05:00'),
(8678, '201810', 'P20181217221342', 'ด้าม', 14, NULL, NULL, NULL, 16, NULL, NULL, '2018-12-26 16:05:00'),
(8679, '201810', 'P20181217221342', 'ด้าม', 1, NULL, NULL, NULL, 15, NULL, NULL, '2018-12-26 16:05:00'),
(8680, '201810', 'P20181217221340', 'กล่อง', 11, NULL, NULL, NULL, 45, NULL, NULL, '2018-12-26 16:05:00'),
(8681, '201810', 'P20181217221340', 'กล่อง', 12, NULL, NULL, NULL, 48, NULL, NULL, '2018-12-26 16:05:00'),
(8682, '201810', 'P20181217221337', 'กล่อง', 18, NULL, NULL, NULL, 70, NULL, NULL, '2018-12-26 16:05:00'),
(8683, '201810', 'P20181217221336', 'กล่อง', 22, NULL, NULL, NULL, 75, NULL, NULL, '2018-12-26 16:05:00'),
(8684, '201810', 'P20181217221336', 'กล่อง', 12, NULL, NULL, NULL, 80, NULL, NULL, '2018-12-26 16:05:00'),
(8685, '201810', 'P20181217221333', 'กล่อง', 9, NULL, NULL, NULL, 95, NULL, NULL, '2018-12-26 16:05:00'),
(8686, '201810', 'P20181217221332', 'กล่อง', 3, NULL, NULL, NULL, 75, NULL, NULL, '2018-12-26 16:05:00'),
(8687, '201810', 'P20181217221331', 'แฟ้ม', 75, NULL, NULL, NULL, 20, NULL, NULL, '2018-12-26 16:05:00'),
(8688, '201810', 'P20181217221329', 'แฟ้ม', 4, NULL, NULL, NULL, 60, NULL, NULL, '2018-12-26 16:05:00'),
(8689, '201810', 'P20181217221328', 'แฟ้ม', 11, NULL, NULL, NULL, 10, NULL, NULL, '2018-12-26 16:05:00'),
(8690, '201810', 'P20181217221326', 'แฟ้ม', 12, NULL, NULL, NULL, 10, NULL, NULL, '2018-12-26 16:05:00'),
(8691, '201810', 'P20181217221325', 'แฟ้ม', 17, NULL, NULL, NULL, 75, NULL, NULL, '2018-12-26 16:05:00'),
(8692, '201810', 'P20181217221324', 'แฟ้ม', 18, NULL, NULL, NULL, 75, NULL, NULL, '2018-12-26 16:05:00'),
(8693, '201810', 'P20181217221322', 'แฟ้ม', 1, NULL, NULL, NULL, 150, NULL, NULL, '2018-12-26 16:05:00'),
(8694, '201810', 'P20181217221321', 'อัน', 7, NULL, NULL, NULL, 5, NULL, NULL, '2018-12-26 16:05:00'),
(8695, '201810', 'P20181217221319', 'อัน', 48, NULL, NULL, NULL, 5, NULL, NULL, '2018-12-26 16:05:00'),
(8696, '201810', 'P20181217221317', 'กล่อง', 107, NULL, NULL, NULL, 10, NULL, NULL, '2018-12-26 16:05:00'),
(8697, '201810', 'P20181217221316', 'กล่อง', 39, NULL, NULL, NULL, 8, NULL, NULL, '2018-12-26 16:05:00'),
(8698, '201810', 'P20181217221314', 'กล่อง', 42, NULL, NULL, NULL, 7, NULL, NULL, '2018-12-26 16:05:00'),
(8699, '201810', 'P20181217221312', 'กล่อง', 16, NULL, 1, NULL, 12, NULL, NULL, '2018-12-26 16:05:00'),
(8700, '201810', 'P20181217221311', 'กล่อง', 3, NULL, NULL, NULL, 35, NULL, NULL, '2018-12-26 16:05:00'),
(8701, '201810', 'P20181217221309', 'ม้วน', 23, NULL, 2, NULL, 27, NULL, NULL, '2018-12-26 16:05:00'),
(8702, '201810', 'P20181217221307', 'เล่ม', 3, NULL, NULL, NULL, 220, NULL, NULL, '2018-12-26 16:05:00'),
(8703, '201810', 'P20181217221305', 'เล่ม', 16, NULL, NULL, NULL, 80, NULL, NULL, '2018-12-26 16:05:00'),
(8704, '201810', 'P20181217221303', 'เล่ม', 28, NULL, 1, NULL, 65, NULL, NULL, '2018-12-26 16:05:00'),
(8705, '201810', 'P20181217221301', 'ขวด', 4, NULL, NULL, NULL, 10, NULL, NULL, '2018-12-26 16:05:00'),
(8706, '201810', 'P20181217221259', 'ขวด', 7, NULL, NULL, NULL, 35, NULL, NULL, '2018-12-26 16:05:00'),
(8707, '201810', 'P20181217221257', 'กล่อง', 3, NULL, NULL, NULL, 95, NULL, NULL, '2018-12-26 16:05:00'),
(8708, '201810', 'P20181217221256', 'กล่อง', 3, NULL, NULL, NULL, 2500, NULL, NULL, '2018-12-26 16:05:00'),
(8709, '201810', 'P20181217221254', 'กล่อง', 5, NULL, NULL, NULL, 550, NULL, NULL, '2018-12-26 16:05:00'),
(8710, '201810', 'P20181217221252', 'กล่อง', 1, NULL, NULL, NULL, 4900, NULL, NULL, '2018-12-26 16:05:00'),
(8711, '201810', 'P20181217221250', 'อัน', 4, NULL, NULL, NULL, 35, NULL, NULL, '2018-12-26 16:05:00'),
(8712, '201810', 'P20181217221248', 'กล่อง', 1, NULL, NULL, NULL, 1250, NULL, NULL, '2018-12-26 16:05:00'),
(8713, '201810', 'P20181217221246', 'ก้อน', 40, NULL, NULL, NULL, 6, NULL, NULL, '2018-12-26 16:05:00'),
(8714, '201810', 'P20181217221244', 'กล่อง', 3, NULL, NULL, NULL, 2300, NULL, NULL, '2018-12-26 16:05:00'),
(8715, '201810', 'P20181217221242', 'ก้อน', 2, NULL, NULL, NULL, 2050, NULL, NULL, '2018-12-26 16:05:00'),
(8716, '201810', 'P20181217221241', 'กล่อง', 1, NULL, NULL, NULL, 5800, NULL, NULL, '2018-12-26 16:05:00'),
(8717, '201810', 'P20181217221239', 'กล่อง', 2, NULL, NULL, NULL, 4300, NULL, NULL, '2018-12-26 16:05:00'),
(8718, '201810', 'P20181217221238', 'กล่อง', 2, NULL, NULL, NULL, 5800, NULL, NULL, '2018-12-26 16:05:00'),
(8719, '201810', 'P20181217221236', 'กล่อง', 1, NULL, NULL, NULL, 4300, NULL, NULL, '2018-12-26 16:05:00'),
(8720, '201810', 'P20181217221234', 'กล่อง', 2, NULL, NULL, NULL, 2700, NULL, NULL, '2018-12-26 16:05:00'),
(8721, '201810', 'P20181217221234', 'กล่อง', NULL, NULL, NULL, NULL, 2461, NULL, NULL, '2018-12-26 16:05:00'),
(8722, '201810', 'P20181217221208', 'กล่อง', 4, NULL, NULL, NULL, 350, NULL, NULL, '2018-12-26 16:05:00'),
(8723, '201810', 'P20181217221206', 'กล่อง', 1, NULL, NULL, NULL, 3750, NULL, NULL, '2018-12-26 16:05:00'),
(8724, '201810', 'P20181217221206', 'กล่อง', NULL, NULL, NULL, NULL, 4815, NULL, NULL, '2018-12-26 16:05:00'),
(8725, '201810', 'P20181217221205', 'กล่อง', 3, NULL, NULL, NULL, 4150, NULL, NULL, '2018-12-26 16:05:00'),
(8726, '201810', 'P20181217221205', 'กล่อง', NULL, NULL, NULL, NULL, 4601, NULL, NULL, '2018-12-26 16:05:00'),
(8727, '201810', 'P20181217221203', 'กล่อง', 2, NULL, NULL, NULL, 3700, NULL, NULL, '2018-12-26 16:05:00'),
(8728, '201810', 'P20181217221203', 'กล่อง', NULL, NULL, NULL, NULL, 5082.5, NULL, NULL, '2018-12-26 16:05:00'),
(8729, '201810', 'P20181217221201', 'กล่อง', 1, NULL, NULL, NULL, 2550, NULL, NULL, '2018-12-26 16:05:00'),
(8730, '201810', 'P20181217221200', 'กล่อง', 1, NULL, NULL, NULL, 160, NULL, NULL, '2018-12-26 16:05:00'),
(8731, '201810', 'P20181217221158', 'ขวด', 3, NULL, NULL, NULL, 280, NULL, NULL, '2018-12-26 16:05:00'),
(8732, '201810', 'P20181217221156', 'ขวด', 3, NULL, NULL, NULL, 250, NULL, NULL, '2018-12-26 16:05:00'),
(8733, '201810', 'P20181217221155', 'ขวด', 3, NULL, NULL, NULL, 250, NULL, NULL, '2018-12-26 16:05:00'),
(8734, '201810', 'P20181217221153', 'ขวด', 3, NULL, NULL, NULL, 250, NULL, NULL, '2018-12-26 16:05:00'),
(9127, '201809', 'P20181217225643', 'รีม', NULL, 30, NULL, NULL, 115, NULL, NULL, '2018-12-26 16:24:22'),
(9128, '201809', 'P20181217225649', 'รีม', NULL, 3, NULL, NULL, 100, NULL, NULL, '2018-12-26 16:24:22'),
(9129, '201809', 'P20181217225703', 'รีม', NULL, 16, NULL, NULL, 95, NULL, NULL, '2018-12-26 16:24:22'),
(9130, '201809', 'P20181217221146', 'รีม', NULL, 1, NULL, NULL, 95, NULL, NULL, '2018-12-26 16:24:22'),
(9131, '201809', 'P20181217221146', 'รีม', NULL, 6, NULL, NULL, 100, NULL, NULL, '2018-12-26 16:24:22'),
(9132, '201809', 'P20181217221459', 'รีม', NULL, 42, NULL, NULL, 95, NULL, NULL, '2018-12-26 16:24:22'),
(9133, '201809', 'P20181217221459', 'รีม', NULL, 6, NULL, NULL, 100, NULL, NULL, '2018-12-26 16:24:22'),
(9134, '201809', 'P20181217221456', 'อัน', NULL, 1, NULL, NULL, 85, NULL, NULL, '2018-12-26 16:24:22'),
(9135, '201809', 'P20181217221455', 'อัน', NULL, 10, NULL, NULL, 69, NULL, NULL, '2018-12-26 16:24:22'),
(9136, '201809', 'P20181217221453', 'กล่อง', NULL, 1, NULL, NULL, 84, NULL, NULL, '2018-12-26 16:24:22'),
(9137, '201809', 'P20181217221452', 'กล่อง', NULL, 9, NULL, NULL, 72, NULL, NULL, '2018-12-26 16:24:22'),
(9138, '201809', 'P20181217221450', 'กล่อง', NULL, 8, NULL, NULL, 48, NULL, NULL, '2018-12-26 16:24:22'),
(9139, '201809', 'P20181217221448', 'กล่อง', NULL, 6, NULL, NULL, 36, NULL, NULL, '2018-12-26 16:24:22'),
(9140, '201809', 'P20181217221446', 'อัน', NULL, 3, NULL, NULL, 175, NULL, NULL, '2018-12-26 16:24:22'),
(9141, '201809', 'P20181217221444', 'อัน', NULL, 1, NULL, NULL, 750, NULL, NULL, '2018-12-26 16:24:22'),
(9142, '201809', 'P20181217221442', 'อัน', NULL, 8, NULL, NULL, 75, NULL, NULL, '2018-12-26 16:24:22'),
(9143, '201809', 'P20181217221440', 'อัน', NULL, 1, NULL, NULL, 325, NULL, NULL, '2018-12-26 16:24:22'),
(9144, '201809', 'P20181217221437', 'อัน', NULL, 1, NULL, NULL, 85, NULL, NULL, '2018-12-26 16:24:22'),
(9145, '201809', 'P20181217221435', 'อัน', NULL, 1, NULL, NULL, 380, NULL, NULL, '2018-12-26 16:24:22'),
(9146, '201809', 'P20181217221433', 'อัน', NULL, 1, NULL, NULL, 50, NULL, NULL, '2018-12-26 16:24:22'),
(9147, '201809', 'P20181217221431', 'อัน', NULL, 4, NULL, NULL, 35, NULL, NULL, '2018-12-26 16:24:22'),
(9148, '201809', 'P20181217221429', 'ม้วน', NULL, 21, NULL, NULL, 25, NULL, NULL, '2018-12-26 16:24:22'),
(9149, '201809', 'P20181217221426', 'ซอง', NULL, 150, NULL, NULL, 2, NULL, NULL, '2018-12-26 16:24:22'),
(9150, '201809', 'P20181217221425', 'ซอง', NULL, 1750, NULL, NULL, 1, NULL, NULL, '2018-12-26 16:24:22'),
(9151, '201809', 'P20181217221423', 'ซอง', NULL, 350, NULL, NULL, 5, NULL, NULL, '2018-12-26 16:24:22'),
(9152, '201809', 'P20181217221422', 'แท่ง', NULL, 33, NULL, NULL, 4, NULL, NULL, '2018-12-26 16:24:22'),
(9153, '201809', 'P20181217221420', 'แท่ง', NULL, 8, NULL, NULL, 5, NULL, NULL, '2018-12-26 16:24:22'),
(9154, '201809', 'P20181217221418', 'ตลับ', NULL, 3, NULL, NULL, 30, NULL, NULL, '2018-12-26 16:24:22'),
(9155, '201809', 'P20181217221416', 'ตลับ', NULL, 3, NULL, NULL, 35, NULL, NULL, '2018-12-26 16:24:22'),
(9156, '201809', 'P20181217221415', 'ตลับ', NULL, 2, NULL, NULL, 35, NULL, NULL, '2018-12-26 16:24:22'),
(9157, '201809', 'P20181217221412', 'อัน', NULL, 1, NULL, NULL, 28, NULL, NULL, '2018-12-26 16:24:22'),
(9158, '201809', 'P20181217221410', 'ม้วน', NULL, 30, NULL, NULL, 25, NULL, NULL, '2018-12-26 16:24:22'),
(9159, '201809', 'P20181217221408', 'ม้วน', NULL, 1, NULL, NULL, 75, NULL, NULL, '2018-12-26 16:24:22'),
(9160, '201809', 'P20181217221406', 'ม้วน', NULL, 1, NULL, NULL, 55, NULL, NULL, '2018-12-26 16:24:22'),
(9161, '201809', 'P20181217221404', 'ม้วน', NULL, 2, NULL, NULL, 100, NULL, NULL, '2018-12-26 16:24:22'),
(9162, '201809', 'P20181217221402', 'ม้วน', NULL, 10, NULL, NULL, 28, NULL, NULL, '2018-12-26 16:24:22'),
(9163, '201809', 'P20181217221400', 'ม้วน', NULL, 1, NULL, NULL, 220, NULL, NULL, '2018-12-26 16:24:22'),
(9164, '201809', 'P20181217221357', 'อัน', NULL, 14, NULL, NULL, 75, NULL, NULL, '2018-12-26 16:24:22'),
(9165, '201809', 'P20181217221355', 'ด้าม', NULL, 16, NULL, NULL, 5, NULL, NULL, '2018-12-26 16:24:22'),
(9166, '201809', 'P20181217221353', 'ด้าม', NULL, 36, NULL, NULL, 5, NULL, NULL, '2018-12-26 16:24:22'),
(9167, '201809', 'P20181217221351', 'ด้าม', NULL, 73, NULL, NULL, 5, NULL, NULL, '2018-12-26 16:24:22'),
(9168, '201809', 'P20181217221350', 'ด้าม', NULL, 2, NULL, NULL, 20, NULL, NULL, '2018-12-26 16:24:22'),
(9169, '201809', 'P20181217221346', 'ด้าม', NULL, 2, NULL, NULL, 16, NULL, NULL, '2018-12-26 16:24:22'),
(9170, '201809', 'P20181217221346', 'ด้าม', NULL, 3, NULL, NULL, 15, NULL, NULL, '2018-12-26 16:24:22'),
(9171, '201809', 'P20181217221342', 'ด้าม', NULL, 14, NULL, NULL, 16, NULL, NULL, '2018-12-26 16:24:22'),
(9172, '201809', 'P20181217221342', 'ด้าม', NULL, 1, NULL, NULL, 15, NULL, NULL, '2018-12-26 16:24:22'),
(9173, '201809', 'P20181217221340', 'กล่อง', NULL, 11, NULL, NULL, 45, NULL, NULL, '2018-12-26 16:24:22'),
(9174, '201809', 'P20181217221340', 'กล่อง', NULL, 12, NULL, NULL, 48, NULL, NULL, '2018-12-26 16:24:22'),
(9175, '201809', 'P20181217221337', 'กล่อง', NULL, 18, NULL, NULL, 70, NULL, NULL, '2018-12-26 16:24:22'),
(9176, '201809', 'P20181217221336', 'กล่อง', NULL, 22, NULL, NULL, 75, NULL, NULL, '2018-12-26 16:24:22'),
(9177, '201809', 'P20181217221336', 'กล่อง', NULL, 12, NULL, NULL, 80, NULL, NULL, '2018-12-26 16:24:22'),
(9178, '201809', 'P20181217221333', 'กล่อง', NULL, 9, NULL, NULL, 95, NULL, NULL, '2018-12-26 16:24:22'),
(9179, '201809', 'P20181217221332', 'กล่อง', NULL, 3, NULL, NULL, 75, NULL, NULL, '2018-12-26 16:24:22'),
(9180, '201809', 'P20181217221331', 'แฟ้ม', NULL, 75, NULL, NULL, 20, NULL, NULL, '2018-12-26 16:24:22'),
(9181, '201809', 'P20181217221329', 'แฟ้ม', NULL, 4, NULL, NULL, 60, NULL, NULL, '2018-12-26 16:24:22'),
(9182, '201809', 'P20181217221328', 'แฟ้ม', NULL, 11, NULL, NULL, 10, NULL, NULL, '2018-12-26 16:24:22'),
(9183, '201809', 'P20181217221326', 'แฟ้ม', NULL, 12, NULL, NULL, 10, NULL, NULL, '2018-12-26 16:24:22'),
(9184, '201809', 'P20181217221325', 'แฟ้ม', NULL, 17, NULL, NULL, 75, NULL, NULL, '2018-12-26 16:24:22'),
(9185, '201809', 'P20181217221324', 'แฟ้ม', NULL, 18, NULL, NULL, 75, NULL, NULL, '2018-12-26 16:24:22'),
(9186, '201809', 'P20181217221322', 'แฟ้ม', NULL, 1, NULL, NULL, 150, NULL, NULL, '2018-12-26 16:24:22'),
(9187, '201809', 'P20181217221321', 'อัน', NULL, 7, NULL, NULL, 5, NULL, NULL, '2018-12-26 16:24:22'),
(9188, '201809', 'P20181217221319', 'อัน', NULL, 48, NULL, NULL, 5, NULL, NULL, '2018-12-26 16:24:22'),
(9189, '201809', 'P20181217221317', 'กล่อง', NULL, 107, NULL, NULL, 10, NULL, NULL, '2018-12-26 16:24:22'),
(9190, '201809', 'P20181217221316', 'กล่อง', NULL, 39, NULL, NULL, 8, NULL, NULL, '2018-12-26 16:24:22'),
(9191, '201809', 'P20181217221314', 'กล่อง', NULL, 42, NULL, NULL, 7, NULL, NULL, '2018-12-26 16:24:22'),
(9192, '201809', 'P20181217221312', 'กล่อง', NULL, 16, NULL, NULL, 12, NULL, NULL, '2018-12-26 16:24:22'),
(9193, '201809', 'P20181217221311', 'กล่อง', NULL, 3, NULL, NULL, 35, NULL, NULL, '2018-12-26 16:24:22'),
(9194, '201809', 'P20181217221309', 'ม้วน', NULL, 23, NULL, NULL, 27, NULL, NULL, '2018-12-26 16:24:22'),
(9195, '201809', 'P20181217221307', 'เล่ม', NULL, 3, NULL, NULL, 220, NULL, NULL, '2018-12-26 16:24:22'),
(9196, '201809', 'P20181217221305', 'เล่ม', NULL, 16, NULL, NULL, 80, NULL, NULL, '2018-12-26 16:24:22'),
(9197, '201809', 'P20181217221303', 'เล่ม', NULL, 28, NULL, NULL, 65, NULL, NULL, '2018-12-26 16:24:22'),
(9198, '201809', 'P20181217221301', 'ขวด', NULL, 4, NULL, NULL, 10, NULL, NULL, '2018-12-26 16:24:22'),
(9199, '201809', 'P20181217221259', 'ขวด', NULL, 7, NULL, NULL, 35, NULL, NULL, '2018-12-26 16:24:22'),
(9200, '201809', 'P20181217221257', 'กล่อง', NULL, 3, NULL, NULL, 95, NULL, NULL, '2018-12-26 16:24:22'),
(9201, '201809', 'P20181217221256', 'กล่อง', NULL, 3, NULL, NULL, 2500, NULL, NULL, '2018-12-26 16:24:22'),
(9202, '201809', 'P20181217221254', 'กล่อง', NULL, 5, NULL, NULL, 550, NULL, NULL, '2018-12-26 16:24:22'),
(9203, '201809', 'P20181217221252', 'กล่อง', NULL, 1, NULL, NULL, 4900, NULL, NULL, '2018-12-26 16:24:22'),
(9204, '201809', 'P20181217221250', 'อัน', NULL, 4, NULL, NULL, 35, NULL, NULL, '2018-12-26 16:24:22'),
(9205, '201809', 'P20181217221248', 'กล่อง', NULL, 1, NULL, NULL, 1250, NULL, NULL, '2018-12-26 16:24:22'),
(9206, '201809', 'P20181217221246', 'ก้อน', NULL, 40, NULL, NULL, 6, NULL, NULL, '2018-12-26 16:24:22'),
(9207, '201809', 'P20181217221244', 'กล่อง', NULL, 3, NULL, NULL, 2300, NULL, NULL, '2018-12-26 16:24:22'),
(9208, '201809', 'P20181217221242', 'ก้อน', NULL, 2, NULL, NULL, 2050, NULL, NULL, '2018-12-26 16:24:22'),
(9209, '201809', 'P20181217221241', 'กล่อง', NULL, 1, NULL, NULL, 5800, NULL, NULL, '2018-12-26 16:24:22'),
(9210, '201809', 'P20181217221239', 'กล่อง', NULL, 2, NULL, NULL, 4300, NULL, NULL, '2018-12-26 16:24:22'),
(9211, '201809', 'P20181217221238', 'กล่อง', NULL, 2, NULL, NULL, 5800, NULL, NULL, '2018-12-26 16:24:22'),
(9212, '201809', 'P20181217221236', 'กล่อง', NULL, 1, NULL, NULL, 4300, NULL, NULL, '2018-12-26 16:24:22'),
(9213, '201809', 'P20181217221234', 'กล่อง', NULL, 2, NULL, NULL, 2700, NULL, NULL, '2018-12-26 16:24:22'),
(9214, '201809', 'P20181217221234', 'กล่อง', NULL, NULL, NULL, NULL, 2461, NULL, NULL, '2018-12-26 16:24:22'),
(9215, '201809', 'P20181217221208', 'กล่อง', NULL, 4, NULL, NULL, 350, NULL, NULL, '2018-12-26 16:24:22'),
(9216, '201809', 'P20181217221206', 'กล่อง', NULL, 1, NULL, NULL, 3750, NULL, NULL, '2018-12-26 16:24:22'),
(9217, '201809', 'P20181217221206', 'กล่อง', NULL, NULL, NULL, NULL, 4815, NULL, NULL, '2018-12-26 16:24:22'),
(9218, '201809', 'P20181217221205', 'กล่อง', NULL, 3, NULL, NULL, 4150, NULL, NULL, '2018-12-26 16:24:22'),
(9219, '201809', 'P20181217221205', 'กล่อง', NULL, NULL, NULL, NULL, 4601, NULL, NULL, '2018-12-26 16:24:22'),
(9220, '201809', 'P20181217221203', 'กล่อง', NULL, 2, NULL, NULL, 3700, NULL, NULL, '2018-12-26 16:24:22'),
(9221, '201809', 'P20181217221203', 'กล่อง', NULL, NULL, NULL, NULL, 5082.5, NULL, NULL, '2018-12-26 16:24:22'),
(9222, '201809', 'P20181217221201', 'กล่อง', NULL, 1, NULL, NULL, 2550, NULL, NULL, '2018-12-26 16:24:22'),
(9223, '201809', 'P20181217221200', 'กล่อง', NULL, 1, NULL, NULL, 160, NULL, NULL, '2018-12-26 16:24:22'),
(9224, '201809', 'P20181217221158', 'ขวด', NULL, 3, NULL, NULL, 280, NULL, NULL, '2018-12-26 16:24:22'),
(9225, '201809', 'P20181217221156', 'ขวด', NULL, 3, NULL, NULL, 250, NULL, NULL, '2018-12-26 16:24:22'),
(9226, '201809', 'P20181217221155', 'ขวด', NULL, 3, NULL, NULL, 250, NULL, NULL, '2018-12-26 16:24:22'),
(9227, '201809', 'P20181217221153', 'ขวด', NULL, 3, NULL, NULL, 250, NULL, NULL, '2018-12-26 16:24:22'),
(9228, '201809', 'P20181217221150', 'อัน', NULL, 1, NULL, NULL, 550, NULL, NULL, '2018-12-26 16:24:22'),
(9229, '201809', 'P20181217234150', 'ซอง', NULL, NULL, NULL, NULL, 0.7, NULL, NULL, '2018-12-26 16:24:22'),
(9230, '201809', 'P20181218104710', 'ก้อน', NULL, 18, NULL, NULL, 22.5, NULL, NULL, '2018-12-26 16:24:22');

--
-- Indexes for dumped tables
--

--
-- Indexes for table `log_st`
--
ALTER TABLE `log_st`
  ADD PRIMARY KEY (`id`);

--
-- Indexes for table `migration`
--
ALTER TABLE `migration`
  ADD PRIMARY KEY (`version`);

--
-- Indexes for table `order`
--
ALTER TABLE `order`
  ADD PRIMARY KEY (`id`);

--
-- Indexes for table `order_list`
--
ALTER TABLE `order_list`
  ADD PRIMARY KEY (`id`);

--
-- Indexes for table `product`
--
ALTER TABLE `product`
  ADD PRIMARY KEY (`id`),
  ADD UNIQUE KEY `product_name` (`product_name`);

--
-- Indexes for table `product_catalog`
--
ALTER TABLE `product_catalog`
  ADD PRIMARY KEY (`id`),
  ADD UNIQUE KEY `name_catalog` (`name_catalog`);

--
-- Indexes for table `product_unit`
--
ALTER TABLE `product_unit`
  ADD PRIMARY KEY (`id`),
  ADD UNIQUE KEY `name_unit` (`name_unit`);

--
-- Indexes for table `receipt`
--
ALTER TABLE `receipt`
  ADD PRIMARY KEY (`id`);

--
-- Indexes for table `receipt_list`
--
ALTER TABLE `receipt_list`
  ADD PRIMARY KEY (`id`);

--
-- Indexes for table `report_m`
--
ALTER TABLE `report_m`
  ADD PRIMARY KEY (`id`);

--
-- Indexes for table `report_m_l`
--
ALTER TABLE `report_m_l`
  ADD PRIMARY KEY (`id`);

--
-- AUTO_INCREMENT for dumped tables
--

--
-- AUTO_INCREMENT for table `log_st`
--
ALTER TABLE `log_st`
  MODIFY `id` int(11) NOT NULL AUTO_INCREMENT, AUTO_INCREMENT=247;

--
-- AUTO_INCREMENT for table `order`
--
ALTER TABLE `order`
  MODIFY `id` int(11) NOT NULL AUTO_INCREMENT, AUTO_INCREMENT=49;

--
-- AUTO_INCREMENT for table `order_list`
--
ALTER TABLE `order_list`
  MODIFY `id` int(11) NOT NULL AUTO_INCREMENT, AUTO_INCREMENT=128;

--
-- AUTO_INCREMENT for table `product`
--
ALTER TABLE `product`
  MODIFY `id` int(11) NOT NULL AUTO_INCREMENT, AUTO_INCREMENT=108;

--
-- AUTO_INCREMENT for table `product_catalog`
--
ALTER TABLE `product_catalog`
  MODIFY `id` int(11) NOT NULL AUTO_INCREMENT, AUTO_INCREMENT=5;

--
-- AUTO_INCREMENT for table `product_unit`
--
ALTER TABLE `product_unit`
  MODIFY `id` int(11) NOT NULL AUTO_INCREMENT, AUTO_INCREMENT=18;

--
-- AUTO_INCREMENT for table `receipt`
--
ALTER TABLE `receipt`
  MODIFY `id` int(11) NOT NULL AUTO_INCREMENT, AUTO_INCREMENT=12;

--
-- AUTO_INCREMENT for table `receipt_list`
--
ALTER TABLE `receipt_list`
  MODIFY `id` int(11) NOT NULL AUTO_INCREMENT, AUTO_INCREMENT=251;

--
-- AUTO_INCREMENT for table `report_m`
--
ALTER TABLE `report_m`
  MODIFY `id` int(11) NOT NULL AUTO_INCREMENT;

--
-- AUTO_INCREMENT for table `report_m_l`
--
ALTER TABLE `report_m_l`
  MODIFY `id` int(11) NOT NULL AUTO_INCREMENT, AUTO_INCREMENT=9231;
COMMIT;

/*!40101 SET CHARACTER_SET_CLIENT=@OLD_CHARACTER_SET_CLIENT */;
/*!40101 SET CHARACTER_SET_RESULTS=@OLD_CHARACTER_SET_RESULTS */;
/*!40101 SET COLLATION_CONNECTION=@OLD_COLLATION_CONNECTION */;
